filename,label,pred_label,is_correct,prob_F0,prob_F1,prob_F2,prob_F3,prob_F4
F0/IM-0001-0003_3.jpg,0,0,True,0.9144706,0.0149636995,0.045725208,0.022037953,0.0028025608
F0/IM-0001-0001_3.jpg,0,0,True,0.7602621,0.014937454,0.036075663,0.16061923,0.02810567
F0/IM-0001-0002_3.jpg,0,0,True,0.98497033,0.003143498,0.00042997242,0.000582571,0.010873593
F0/IM-0001-0025.jpg,0,0,True,0.9808944,0.0028538152,0.0008603594,0.01482255,0.0005688256
F0/IM-0001-0002.jpg,0,1,False,0.4653449,0.5324237,0.0010967831,1.7291513e-05,0.0011173821
F0/IM-0001-0015_1.jpg,0,0,True,0.94160634,0.017480522,0.0019190465,0.018582068,0.020412138
F0/IM-0001-0013_1.jpg,0,0,True,0.9952087,0.003869563,1.724012e-05,0.00032376795,0.0005807002
F0/IM-0001-0012_1.jpg,0,0,True,0.99849176,0.0013293474,3.3130348e-06,1.821238e-05,0.00015738948
F0/IM-0001-0001_5.jpg,0,0,True,0.9862142,0.0009178528,0.00026547405,0.007314353,0.00528807
F0/IM-0001-0024_1.jpg,0,0,True,0.9767264,0.0006018076,0.0007758798,0.016801164,0.0050945664
F0/IM-0001-0003.jpg,0,0,True,0.88592315,0.111871496,0.0010277779,0.00029615065,0.0008814444
F0/IM-0001-0022.jpg,0,0,True,0.9978154,0.0015662203,2.659297e-05,2.9891564e-06,0.00058884267
F0/IM-0001-0014.jpg,0,0,True,0.9819549,0.008737811,0.0011038609,0.005243614,0.0029597755
F0/IM-0001-0001_1.jpg,0,0,True,0.8318689,0.16145954,0.005781673,9.361103e-06,0.0008805919
F0/IM-0001-0023_1.jpg,0,0,True,0.9325026,0.0025770764,0.0021644777,0.015227159,0.047528747
F0/IM-0001-0032.jpg,0,0,True,0.9688993,0.019023957,0.00021142914,0.0025265608,0.00933863
F0/IM-0001-0021.jpg,0,0,True,0.93323046,0.0044364072,0.0037030294,0.022600919,0.036029145
F0/IM-0001-0036.jpg,0,0,True,0.79129666,0.0005565144,0.20471838,0.002248467,0.0011799508
F0/IM-0001-0012.jpg,0,0,True,0.9918234,0.005970495,5.789335e-06,0.00017137136,0.0020289721
F0/IM-0001-0011.jpg,0,0,True,0.98245025,0.0026488071,7.71312e-05,0.00078376854,0.014040026
F0/IM-0001-0015.jpg,0,0,True,0.63769585,0.023718696,0.11520979,0.01048595,0.21288978
F0/IM-0001-0023.jpg,0,0,True,0.7469202,0.0036700293,0.0037700688,0.24344304,0.0021967362
F0/IM-0001-0003_2.jpg,0,0,True,0.9696695,0.028633643,0.000250048,0.00023189618,0.0012148521
F0/IM-0001-0005.jpg,0,0,True,0.99330854,5.960473e-05,5.9361933e-05,0.00032112986,0.006251406
F0/IM-0001-0013.jpg,0,0,True,0.78762054,0.0071217394,0.07740501,0.021754429,0.10609823
F0/IM-0001-0001.jpg,0,0,True,0.8827583,0.007164355,0.1012098,0.0032899242,0.005577568
F0/IM-0001-0039.jpg,0,0,True,0.9893428,0.006393811,0.00026548293,0.0019420442,0.0020557784
F0/IM-0001-0017.jpg,0,0,True,0.95716864,0.004092594,0.026030539,0.0073782387,0.005330002
F0/IM-0001-0004_1.jpg,0,0,True,0.9600731,0.03490435,0.003112407,0.00069106405,0.0012189546
F0/IM-0001-0018.jpg,0,0,True,0.9939691,0.00039784607,0.0001936381,0.00062901946,0.0048103654
F0/IM-0001-0002_2.jpg,0,0,True,0.929992,0.06865443,1.7380062e-05,0.00010772776,0.0012283793
F0/IM-0001-0006_1.jpg,0,0,True,0.98790866,0.011637955,8.532718e-05,0.00023268108,0.00013535199
F0/IM-0001-0008.jpg,0,0,True,0.9957113,0.0022831531,5.0362112e-05,0.000118656964,0.0018364758
F0/IM-0001-0005_2.jpg,0,0,True,0.9841345,0.015104596,0.0001492482,0.00048015238,0.00013156646
F0/IM-0001-0010.jpg,0,0,True,0.9997414,7.326124e-05,3.6062336e-06,5.568581e-05,0.00012611185
F0/IM-0001-0001_4.jpg,0,0,True,0.9739208,0.024220793,0.0001077515,0.0016621525,8.851511e-05
F0/IM-0001-0024.jpg,0,0,True,0.9987747,0.0002646107,4.337459e-05,0.00072286854,0.00019459194
F0/IM-0001-0020.jpg,0,0,True,0.38580552,0.21699707,0.023232836,0.12338196,0.25058267
F0/IM-0001-0007.jpg,0,0,True,0.55773705,0.40567517,0.0007136698,0.0020851835,0.033788964
F0/IM-0001-0002_1.jpg,0,0,True,0.98521924,0.009913152,0.000317558,0.00045075206,0.0040992275
F0/IM-0001-0006.jpg,0,0,True,0.96502286,0.02965073,0.00012064936,0.0002069382,0.004998791
F0/IM-0001-0013 (4).jpg,0,0,True,0.996436,0.0032119227,6.9116045e-06,9.8657736e-05,0.00024648575
F0/IM-0001-0021_1.jpg,0,0,True,0.99461716,0.00018102124,9.5542164e-05,0.0012982938,0.0038078965
F0/IM-0001-0025_1.jpg,0,0,True,0.9994803,0.00042817372,5.9846116e-07,2.6887753e-06,8.814276e-05
F0/IM-0001-0003_1.jpg,0,0,True,0.9670893,0.026902316,0.00025582398,0.0009631696,0.004789293
F0/IM-0001-0026.jpg,0,0,True,0.9071579,0.0027942627,7.19135e-05,0.0011942659,0.08878155
F0/IM-0001-0005 (2).jpg,0,0,True,0.9819619,0.014016502,1.2638199e-05,1.5715059e-05,0.003993236
F0/IM-0001-0007_1.jpg,0,0,True,0.99572337,0.0030904429,0.0001517952,0.00025100683,0.0007832896
F0/IM-0001-0014-0002.jpg,0,0,True,0.9961308,0.0015150098,9.658339e-05,0.00046430598,0.0017933492
F0/IM-0001-0019.jpg,0,0,True,0.9645399,0.007393056,0.0076794648,0.007471701,0.012916081
F0/IM-0001-0009 (3).jpg,0,0,True,0.9039357,0.05231634,0.0021484916,0.0016057013,0.039993756
F0/IM-0001-0004.jpg,0,0,True,0.96413404,0.03483914,0.0004489927,6.102979e-05,0.000516779
F0/IM-0001-0012-0001.jpg,0,0,True,0.9488271,0.022922551,5.860672e-06,0.0018436263,0.026400765
F0/IM-0001-0010 (2).jpg,0,0,True,0.99870884,0.00027456778,8.3919355e-07,1.0685636e-05,0.0010050966
F0/IM-0001-0007 (3).jpg,0,0,True,0.9964044,0.0016113066,0.00010631875,0.0016847791,0.00019329456
F0/IM-0001-0001_2.jpg,0,0,True,0.9940069,0.004673557,9.4635914e-05,7.4256284e-05,0.0011505329
F0/IM-0001-0010 (3).jpg,0,0,True,0.97332984,0.021543078,0.0002503815,0.00044842862,0.0044282614
F0/IM-0001-0013-0002.jpg,0,0,True,0.9984768,0.0009949853,1.3789408e-07,3.680863e-07,0.00052772084
F0/IM-0001-0010-0002.jpg,0,0,True,0.9765572,0.008494134,4.736782e-05,3.375889e-05,0.014867603
F0/IM-0001-0003 (2).jpg,0,0,True,0.9619308,0.016789215,0.00042427843,0.000244905,0.020610796
F0/IM-0001-0012-0002.jpg,0,0,True,0.9587157,0.015703483,5.2643612e-05,0.0009335923,0.024594555
F0/IM-0001-0005_1.jpg,0,0,True,0.9942872,0.0030538337,9.20713e-05,2.2967195e-05,0.0025438739
F0/IM-0001-0014 (3).jpg,0,0,True,0.99177843,0.0006748654,3.9244333e-06,1.4521161e-05,0.0075282403
F0/IM-0001-0002 (5).jpg,0,0,True,0.9942228,0.0026537257,0.00047764785,1.8716332e-06,0.002643957
F0/IM-0001-0008 (3).jpg,0,0,True,0.9929154,0.0027430255,0.0004414996,0.0025747104,0.0013255053
F0/IM-0001-0017_1.jpg,0,0,True,0.98740226,0.0056056,0.001056966,0.0003664046,0.005568739
F0/IM-0001-0015_2.jpg,0,0,True,0.977128,0.00068457646,4.2944306e-05,1.3095451e-05,0.022131355
F0/IM-0001-0016-0001.jpg,0,0,True,0.9887496,0.002171918,6.5990253e-06,0.0050159283,0.0040560174
F0/IM-0001-0014_1.jpg,0,0,True,0.9803371,0.00013062381,3.2673659e-06,9.66436e-07,0.019528098
F0/IM-0001-0008 (8).jpg,0,0,True,0.99871945,0.0011029257,4.1346525e-06,4.3942415e-05,0.00012952287
F0/IM-0001-0010-0001.jpg,0,0,True,0.96425325,0.034752075,1.4177577e-06,0.0001727371,0.00082046725
F0/IM-0001-0006 (5).jpg,0,0,True,0.560724,0.12254535,0.00052136584,0.04289114,0.2733181
F0/IM-0001-0015-0003.jpg,0,0,True,0.95386857,0.045078535,0.00041212796,0.00026716513,0.0003736664
F0/IM-0001-0004 (2).jpg,0,0,True,0.9959603,0.0013910925,8.040835e-06,5.272509e-06,0.0026352343
F0/IM-0001-0013 (3).jpg,0,0,True,0.69477785,0.027908286,0.00038304523,0.001654088,0.27527675
F0/IM-0001-0018_1.jpg,0,0,True,0.9962924,0.0032280071,4.377432e-06,1.7920215e-08,0.00047513202
F0/IM-0001-0009-0002.jpg,0,0,True,0.96781653,0.030036038,1.7996164e-05,2.4872441e-05,0.002104529
F0/IM-0001-0016-0002.jpg,0,0,True,0.9861886,0.0041538603,0.0014052964,0.00018473655,0.008067506
F0/IM-0001-0009-0003.jpg,0,0,True,0.8566049,0.13972543,3.4104818e-05,0.00310145,0.0005341711
F0/IM-0001-0008 (5).jpg,0,0,True,0.98633087,0.0074320277,0.0019293185,0.002193519,0.0021142438
F0/IM-0001-0014-0001.jpg,0,0,True,0.99284244,0.0059900843,5.4378266e-05,0.0009083197,0.0002049183
F0/IM-0001-0004 (9).jpg,0,0,True,0.99590683,0.0035177064,8.135946e-05,9.054211e-06,0.00048512808
F0/IM-0001-0014-0003.jpg,0,0,True,0.9533054,0.04549421,0.0005004627,0.0006396629,6.0266066e-05
F0/IM-0001-0003 (4).jpg,0,0,True,0.943941,0.048985127,0.00057305134,0.0026304545,0.0038703973
F0/IM-0001-0009 (5).jpg,0,0,True,0.9777458,0.0069358707,0.0013143079,0.008667582,0.0053363815
F0/IM-0001-0009 (2).jpg,0,0,True,0.99845254,0.000872426,5.064649e-06,2.0443292e-06,0.0006677971
F0/IM-0001-0012 (4).jpg,0,0,True,0.9961778,0.0005090106,0.00017494822,0.0018934876,0.0012447685
F0/IM-0001-0011-0001 (2).jpg,0,0,True,0.7775821,0.1955679,0.010940981,0.0019371485,0.013971805
F0/IM-0001-0013-0003.jpg,0,0,True,0.9098142,0.086969055,0.002846745,0.00031616236,5.394471e-05
F0/IM-0001-0006 (2).jpg,0,0,True,0.9672558,0.0005930473,5.2560476e-06,4.0648756e-06,0.032141887
F0/IM-0001-0025 (2).jpg,0,0,True,0.9947337,0.0038585628,0.00031316341,0.00040102506,0.0006935299
F0/IM-0001-0013_2.jpg,0,0,True,0.9991222,0.00028186437,3.5212473e-05,5.053586e-06,0.00055562
F0/IM-0001-0024_2.jpg,0,0,True,0.60365105,0.32648334,0.04397126,0.002923056,0.022971397
F0/IM-0001-0020-0001.jpg,0,0,True,0.6965247,0.2910442,0.0014236466,0.006224629,0.0047828634
F0/IM-0001-0012_2.jpg,0,0,True,0.995394,0.0011912237,1.6862981e-05,9.007581e-06,0.003388885
F0/IM-0001-0001_6.jpg,0,0,True,0.9986106,0.0010041796,5.7793874e-05,2.8715309e-05,0.0002987824
F0/IM-0001-0009-0001.jpg,0,0,True,0.9981007,0.0009304035,2.1078224e-06,0.0009267223,3.9931085e-05
F0/IM-0001-0011 (2).jpg,0,0,True,0.99894315,0.00021208073,2.4022556e-05,0.00012609639,0.0006946419
F0/IM-0001-0004-0002.jpg,0,0,True,0.99013877,0.009647167,2.6765976e-05,1.0802634e-06,0.00018629499
F0/IM-0001-0005 (7).jpg,0,0,True,0.99987304,8.37579e-05,2.0755016e-07,3.6751885e-07,4.2509186e-05
F0/IM-0001-0003_4.jpg,0,0,True,0.9993156,0.00043101853,1.1332122e-06,2.4638503e-05,0.00022756627
F0/IM-0001-0007 (6).jpg,0,0,True,0.8941003,0.07392952,0.004011,0.025598623,0.00236049
F0/IM-0001-0011-0001.jpg,0,0,True,0.99265915,0.0066567245,2.766952e-07,7.888946e-05,0.0006049254
F0/IM-0001-0005 (6).jpg,0,0,True,0.8715109,0.09896159,0.00013860466,0.00072211283,0.028666811
F0/IM-0001-0007-0001.jpg,0,0,True,0.9885893,0.00782301,0.001731987,0.0007201762,0.001135437
F0/IM-0001-0011 (3).jpg,0,0,True,0.94088197,0.05306539,0.004545198,0.00018990862,0.001317556
F0/IM-0001-0017 (3).jpg,0,0,True,0.94751275,0.011360582,0.00036043732,0.033789657,0.0069764503
F0/IM-0001-0001 (2).jpg,0,0,True,0.99636215,0.0026757787,1.4263422e-06,5.371747e-07,0.00096005935
F0/IM-0001-0006 (8).jpg,0,0,True,0.9969007,0.001496567,2.2365104e-05,0.0014192528,0.00016117746
F0/IM-0001-0008-0002.jpg,0,0,True,0.98540664,0.003262781,4.2282713e-06,4.066275e-05,0.011285617
F0/IM-0001-0016.jpg,0,0,True,0.9999144,3.1692693e-05,3.2291555e-07,4.5812993e-07,5.299243e-05
F0/IM-0001-0011_1.jpg,0,0,True,0.9959313,0.0012751865,3.984849e-06,0.00014254006,0.0026468316
F0/IM-0002-0009.jpg,0,0,True,0.9854248,0.013257696,0.00032898056,0.000110381065,0.0008779511
F0/IM-0001-0003 (3).jpg,0,0,True,0.9983851,0.001441955,1.9229081e-07,3.040581e-07,0.00017230042
F0/IM-0001-0003-0001.jpg,0,0,True,0.9955576,0.002902409,2.1792193e-05,5.289827e-05,0.0014652313
F0/IM-0001-0008-0003.jpg,0,0,True,0.96755064,0.032256745,2.0893041e-05,0.0001379225,3.3768047e-05
F0/IM-0001-0023_2.jpg,0,0,True,0.94732475,0.04889473,0.00017598883,0.00025079315,0.0033537613
F0/IM-0001-0022_1.jpg,0,0,True,0.9959608,0.00012699557,2.544734e-05,2.7844837e-05,0.0038589388
F0/IM-0001-0012 (2).jpg,0,0,True,0.99597543,0.0026619327,1.5284559e-05,0.00036884157,0.0009784272
F0/IM-0001-0002 (2).jpg,0,0,True,0.9940247,0.0008493133,4.2751523e-07,1.1777155e-06,0.0051243547
F0/IM-0001-0007 (5).jpg,0,0,True,0.91205555,0.04917595,0.004995019,0.00114326,0.032630138
F0/IM-0002-0008.jpg,0,0,True,0.8619146,0.022562614,0.025354255,0.011155672,0.079012886
F0/IM-0001-0004 (5).jpg,0,0,True,0.987501,0.006514589,0.0003147332,0.0001490111,0.005520612
F0/IM-0002-0007.jpg,0,0,True,0.99649316,0.0018285844,0.00023052147,5.9330265e-05,0.0013884833
F0/IM-0001-0007_2.jpg,0,0,True,0.9989942,0.0007944996,1.0603172e-05,0.00013390397,6.6927954e-05
F0/IM-0001-0004_2.jpg,0,0,True,0.99514896,0.004343482,7.546551e-07,3.5653204e-05,0.0004712151
F0/IM-0002-0003.jpg,0,0,True,0.9971181,0.001151805,0.00010694954,2.6664531e-05,0.001596474
F0/IM-0001-0012 (3).jpg,0,0,True,0.9830109,0.010495853,1.0887565e-05,9.373971e-05,0.0063886815
F0/IM-0001-0005_3.jpg,0,0,True,0.9982482,0.0016664369,2.6304056e-07,3.7648937e-05,4.7497546e-05
F0/IM-0001-0004 (8).jpg,0,0,True,0.4346218,0.34126872,0.0033885876,0.21468097,0.0060399408
F0/IM-0001-0007 (2).jpg,0,0,True,0.9792698,0.01520491,0.0013510732,0.00075656694,0.003417609
F0/IM-0001-0009 (6).jpg,0,0,True,0.9556656,0.03742986,0.0044180886,0.00023873382,0.0022476
F0/IM-0001-0009 (4).jpg,0,0,True,0.9626714,0.03202823,0.00022582887,3.3509277e-05,0.0050410074
F0/IM-0001-0010_1.jpg,0,0,True,0.9923624,0.0065350537,3.0045681e-05,0.00016842877,0.0009040401
F0/IM-0001-0005 (4).jpg,0,0,True,0.8458231,0.13508499,0.0051255743,0.0022011984,0.011765122
F0/IM-0001-0006 (7).jpg,0,0,True,0.9970065,0.0025654372,5.546237e-06,9.639261e-06,0.00041292698
F0/IM-0001-0004-0001.jpg,0,0,True,0.9968862,0.002910562,4.5808542e-06,3.09693e-05,0.00016761097
F0/IM-0001-0017 (2).jpg,0,0,True,0.9916693,0.0041028727,0.00021401697,0.00012117344,0.0038926357
F0/IM-0001-0004 (3).jpg,0,0,True,0.9995115,0.00029261626,1.00464355e-07,8.2079396e-08,0.00019568065
F0/IM-0001-0010 (4).jpg,0,0,True,0.97487247,0.02390575,5.8882156e-06,1.318242e-05,0.0012027149
F0/IM-0001-0008-0001.jpg,0,0,True,0.99166745,0.0068423836,0.00019733136,0.0007362031,0.00055670727
F0/IM-0001-0006 (4).jpg,0,0,True,0.8542382,0.10612426,0.0002757604,0.00407926,0.035282563
F0/IM-0001-0006-0001.jpg,0,0,True,0.85598296,0.11093232,0.016726276,0.010868921,0.005489524
F0/IM-0001-0006_2.jpg,0,0,True,0.99919623,0.0005984375,2.091018e-07,0.00018595568,1.9206072e-05
F0/IM-0001-0008_1.jpg,0,0,True,0.9998392,0.00010972625,6.837274e-08,3.3602577e-05,1.7330545e-05
F0/IM-0001-0011 (4).jpg,0,0,True,0.99103045,0.004162138,0.00035786664,0.0021623243,0.0022871653
F0/IM-0001-0001 (3).jpg,0,0,True,0.99988985,8.846907e-05,1.0838469e-05,2.2963961e-06,8.549211e-06
F0/IM-0001-0006-0002.jpg,0,0,True,0.9944693,0.00036521538,5.318958e-06,7.191781e-06,0.0051529
F0/IM-0001-0003 (5).jpg,0,0,True,0.9976,0.0015728725,0.00010037974,0.00056409783,0.00016271872
F0/IM-0001-0007-0003.jpg,0,0,True,0.8558356,0.1439401,0.0001439434,2.684595e-05,5.3441916e-05
F0/IM-0001-0002 (3).jpg,0,0,True,0.99288553,0.006029502,0.00028045243,0.0004843838,0.00032014016
F0/IM-0001-0004 (6).jpg,0,0,True,0.9965783,0.0020639254,0.00024181344,7.7157056e-05,0.0010389386
F0/IM-0001-0005 (5).jpg,0,0,True,0.999666,0.00017006251,3.9777085e-05,2.4373121e-05,9.9703044e-05
F0/IM-0001-0014 (4).jpg,0,0,True,0.9075882,0.0071416,0.005945428,0.07583899,0.0034858114
F0/IM-0002-0004.jpg,0,0,True,0.9994779,0.00023420416,5.064281e-05,1.1936195e-05,0.00022530669
F0/IM-0001-0005 (3).jpg,0,0,True,0.9980129,0.00083450455,2.1284945e-08,6.9818384e-07,0.0011519347
F0/IM-0001-0016 (2).jpg,0,0,True,0.8974405,0.09282673,0.0050361007,0.00019740911,0.004499284
F0/IM-0002-0006.jpg,0,0,True,0.9988526,0.00017689547,2.10593e-05,2.8756307e-05,0.0009204928
F0/IM-0001-0002-0001.jpg,0,0,True,0.9706148,0.028351726,0.00036853467,0.00017472796,0.0004902761
F0/IM-0001-0009.jpg,0,0,True,0.99073946,0.0034542677,2.4239918e-05,0.004746702,0.001035404
F0/IM-0001-0006 (3).jpg,0,0,True,0.9706984,0.007462674,8.828651e-06,6.2668537e-06,0.021823838
F0/IM-0002-0001.jpg,0,0,True,0.99974567,0.00020767389,9.994043e-07,5.291925e-07,4.5177596e-05
F0/IM-0001-0004 (4).jpg,0,0,True,0.95374435,0.04555382,2.8604278e-05,0.00029043274,0.00038275862
F0/IM-0001-0000.jpg,0,0,True,0.999949,6.9660605e-06,1.4719575e-06,7.0853616e-08,4.2595573e-05
F0/IM-0001-0004 (7).jpg,0,0,True,0.99223137,0.0067467317,6.074117e-05,1.3382034e-05,0.0009477192
F0/IM-0001-0003 (6).jpg,0,0,True,0.9633011,0.035219356,3.3646036e-05,0.0007305238,0.0007152957
F0/IM-0001-0016 (3).jpg,0,0,True,0.95026946,0.03778883,0.0011376246,0.008711705,0.002092268
F0/IM-0001-0002 (4).jpg,0,0,True,0.99766517,0.0019126146,0.0001700408,7.864891e-05,0.00017350259
F0/IM-0001-0004-0003.jpg,0,0,True,0.92422366,0.07446796,0.0002811754,0.0001915012,0.0008357085
F0/IM-0001-0008 (2).jpg,0,0,True,0.9967309,0.001662976,3.2511841e-06,7.588088e-05,0.001526935
F0/IM-0001-0010 (5).jpg,0,0,True,0.8643383,0.11588242,0.00029433932,0.017104337,0.0023805213
F0/IM-0001-0005-0003.jpg,0,0,True,0.8463375,0.14381361,0.00014905962,0.009497821,0.00020212514
F0/IM-0001-0008 (6).jpg,0,0,True,0.9301523,0.06135176,1.3641932e-05,9.225837e-05,0.008390009
F0/IM-0001-0013 (2).jpg,0,0,True,0.9942682,0.004010482,4.8901325e-06,6.054833e-06,0.0017104694
F0/IM-0001-0007 (4).jpg,0,0,True,0.9986846,0.0010705047,1.4842753e-06,1.0195833e-05,0.0002331646
F0/IM-0002-0010.jpg,0,0,True,0.59672576,0.29611787,0.0018829043,2.0981992e-05,0.105252534
F0/IM-0001-0002_4.jpg,0,0,True,0.9998541,0.00010588416,6.8843356e-06,4.7619415e-06,2.836366e-05
F0/IM-0001-0008 (7).jpg,0,0,True,0.7796207,0.09647678,0.013732719,0.10840853,0.0017613773
F0/IM-0001-0009 (7).jpg,0,0,True,0.7199934,0.10323232,0.0056415405,0.06338642,0.107746325
F0/IM-0001-0008 (4).jpg,0,0,True,0.99625,0.0022312151,1.2042507e-05,4.8627367e-06,0.0015019987
F0/IM-0001-0014 (2).jpg,0,0,True,0.9926972,0.0035861589,1.7605147e-06,8.729842e-06,0.003706178
F0/IM-0001-0006 (6).jpg,0,0,True,0.8521451,0.13845973,0.0053385613,0.00022238318,0.0038343968
F1/IM-0001-0004-0002.jpg,1,1,True,0.019042239,0.942439,0.008487939,0.003184284,0.026846563
F1/IM-0001-0002_5.jpg,1,1,True,0.48651028,0.49229863,0.0028784028,0.0006520699,0.01766062
F1/IM-0001-0015-0001.jpg,1,1,True,0.03302441,0.6771541,0.12407789,0.056982435,0.10876106
F1/IM-0001-0009-0002.jpg,1,4,False,0.0025277836,0.40701932,0.059380434,0.067963056,0.4631094
F1/IM-0001-0003_4.jpg,1,1,True,0.11951243,0.87432665,0.0012711996,8.639817e-06,0.0048811366
F1/IM-0001-0008-0002.jpg,1,1,True,0.003423861,0.7845683,0.0015758519,0.013430133,0.19700187
F1/IM-0001-0005-0002.jpg,1,1,True,0.003799904,0.8991101,0.037069637,0.018213095,0.04180734
F1/IM-0001-0011.jpg,1,0,False,0.7087209,0.23450466,0.045548994,0.008263233,0.0029621522
F1/IM-0001-0024_2.jpg,1,1,True,0.03635885,0.9244441,0.005965967,0.0035785853,0.029652545
F1/IM-0001-0004_6.jpg,1,0,False,0.6310105,0.34699032,0.00079489517,0.00047507428,0.02072921
F1/IM-0001-0010.jpg,1,1,True,0.00035926577,0.99889755,0.000110517685,1.1392105e-05,0.00062120834
F1/IM-0001-0007_1.jpg,1,1,True,0.0014742957,0.99335104,6.913744e-06,1.5238899e-06,0.0051663346
F1/IM-0001-0020.jpg,1,1,True,0.00019877675,0.9402866,4.6716527e-06,2.180056e-08,0.059509918
F1/IM-0001-0013.jpg,1,1,True,0.0031262885,0.99595684,0.0004966016,7.1685836e-06,0.00041309872
F1/IM-0001-0002_1.jpg,1,1,True,0.006345746,0.9264557,0.009574538,2.5113628e-05,0.057598855
F1/IM-0001-0016.jpg,1,1,True,0.03920548,0.9455277,0.0029327304,3.1911026e-05,0.012302227
F1/IM-0001-0008.jpg,1,1,True,0.0036971797,0.9945797,0.00018410325,3.0728954e-06,0.0015359849
F1/IM-0001-0006_1.jpg,1,1,True,0.00012527272,0.99919575,1.0725341e-05,1.2147552e-07,0.00066810806
F1/IM-0001-0012.jpg,1,1,True,0.00060142047,0.9984749,1.8625762e-05,1.7907923e-06,0.0009032494
F1/IM-0001-0015.jpg,1,1,True,0.0010156049,0.9774414,6.522137e-05,1.25857e-06,0.02147656
F1/IM-0001-0005_3.jpg,1,1,True,0.1484095,0.8406573,0.0011096712,0.0003773681,0.009446059
F1/IM-0001-0001_3.jpg,1,1,True,0.29675213,0.6926984,0.003616711,5.573594e-05,0.0068770507
F1/IM-0001-0017.jpg,1,1,True,0.004295783,0.99390936,0.00066046143,1.021415e-05,0.0011242384
F1/IM-0001-0004_2.jpg,1,1,True,0.0691403,0.92241377,0.00058447616,0.00022008561,0.007641316
F1/IM-0001-0008_1.jpg,1,1,True,0.07421513,0.91543853,0.0034390301,2.835935e-06,0.006904499
F1/IM-0001-0002_2.jpg,1,1,True,0.059686758,0.9279878,0.00084349926,0.0007877746,0.010694166
F1/IM-0001-0001_1.jpg,1,1,True,0.053755637,0.8465337,0.030713983,0.00682933,0.062167343
F1/IM-0001-0003_2.jpg,1,1,True,0.052722353,0.93008316,0.00051066687,0.0004530188,0.016230725
F1/IM-0001-0019.jpg,1,1,True,0.000101009995,0.96485406,0.00061065203,1.5549573e-07,0.03443417
F1/IM-0001-0004_3.jpg,1,1,True,0.04907456,0.9485474,4.3534605e-05,1.5717802e-06,0.0023328434
F1/IM-0001-0018.jpg,1,1,True,0.060904954,0.93216556,0.00013023923,2.1213123e-06,0.0067971847
F1/IM-0001-0005_2.jpg,1,1,True,0.122740254,0.8674831,0.00044226294,1.0741882e-05,0.009323622
F1/IM-0001-0014.jpg,1,1,True,0.0022856707,0.99381506,0.0012045897,2.7949711e-06,0.0026918214
F1/IM-0001-0005_1.jpg,1,1,True,0.0024062125,0.9924625,0.0032428126,9.448451e-06,0.0018790596
F1/IM-0001-0012 (2).jpg,1,1,True,0.0022540838,0.9960401,0.00021000254,0.00094309513,0.00055259117
F1/IM-0001-0007_2.jpg,1,1,True,0.0016891757,0.9943211,7.942939e-05,0.00039767378,0.0035125997
F1/IM-0001-0032.jpg,1,1,True,0.01525878,0.98440427,1.4808856e-05,7.499029e-05,0.00024715488
F1/IM-0001-0031.jpg,1,1,True,0.024849467,0.9744639,2.7197157e-05,0.00011168117,0.00054778944
F1/IM-0001-0004_1.jpg,1,1,True,0.004190198,0.9952974,0.00017242519,3.4978675e-06,0.0003365506
F1/IM-0001-0006_2.jpg,1,1,True,0.0044295434,0.987435,0.0001285573,0.000114423696,0.007892468
F1/IM-0001-0026.jpg,1,1,True,0.0805358,0.89380896,0.021175995,0.0036550597,0.00082403317
F1/IM-0001-0015_1.jpg,1,1,True,0.012982622,0.9742085,0.011352893,0.0002960873,0.0011599885
F1/IM-0001-0021.jpg,1,1,True,0.074261315,0.9152269,0.008405396,0.00059422955,0.001512214
F1/IM-0001-0025.jpg,1,1,True,0.004484153,0.985166,0.005197781,0.0042478517,0.00090415415
F1/IM-0001-0013_1.jpg,1,1,True,0.0029557974,0.9944405,0.001105152,0.00082717015,0.00067126873
F1/IM-0001-0009.jpg,1,1,True,0.0084773125,0.99009645,7.734306e-05,1.0042628e-06,0.001347869
F1/IM-0001-0003_1.jpg,1,1,True,0.00030821364,0.98037064,0.0001656103,5.496449e-07,0.019154964
F1/IM-0001-0014_1.jpg,1,1,True,0.000993918,0.9911991,0.007597073,7.5308344e-05,0.00013456722
F1/IM-0001-0003_3.jpg,1,1,True,0.18438815,0.8070539,0.00020105038,0.0024473479,0.0059095235
F1/IM-0001-0022.jpg,1,1,True,0.003716717,0.9950877,0.00027664925,2.9181538e-05,0.0008898204
F1/IM-0001-0002_4.jpg,1,1,True,0.029694228,0.9267756,0.0033987197,0.0011762846,0.0389552
F1/IM-0001-0011_2.jpg,1,1,True,0.00065002183,0.9983631,0.00037386574,0.00016185832,0.00045123015
F1/IM-0001-0012_1.jpg,1,1,True,0.04593991,0.9407802,7.084173e-05,0.00016177495,0.01304729
F1/IM-0001-0009_1.jpg,1,1,True,0.16717465,0.77993906,0.00036408688,0.04699175,0.005530495
F1/IM-0001-0017_1.jpg,1,1,True,0.05984059,0.91548395,0.017707318,4.038934e-06,0.0069640465
F1/IM-0001-0015 (2).jpg,1,1,True,0.0040712557,0.99499905,6.1023922e-05,3.907492e-06,0.00086482667
F1/IM-0001-0029 (2).jpg,1,1,True,0.14768358,0.8508789,0.000991372,0.00014536988,0.00030082988
F1/IM-0001-0004_5.jpg,1,1,True,0.001975049,0.9965113,3.4200693e-05,0.0012260453,0.0002533899
F1/IM-0001-0003-0002.jpg,1,1,True,0.0031052832,0.9953371,0.0010421273,6.1169776e-05,0.00045418864
F1/IM-0001-0029.jpg,1,1,True,0.017451933,0.9796036,2.1556107e-05,2.4487914e-05,0.0028982607
F1/IM-0001-0011_1.jpg,1,1,True,0.0047775907,0.9921037,0.000353184,1.7754728e-05,0.002747855
F1/IM-0001-0013_2.jpg,1,1,True,0.06051645,0.84914404,0.0718118,0.01322693,0.0053006755
F1/IM-0001-0002_13.jpg,1,1,True,0.00068840897,0.9462389,0.052701518,5.1283674e-05,0.00031988323
F1/IM-0001-0003_16.jpg,1,1,True,0.011806304,0.965398,0.004896249,0.00021763257,0.017681839
F1/IM-0005-0015-0002.jpg,1,4,False,0.033473726,0.4049889,0.011274716,0.13491464,0.415348
F1/IM-0001-0007.jpg,1,1,True,0.010897292,0.98392844,0.0008441768,0.00030576217,0.004024279
F1/IM-0001-0001_19.jpg,1,1,True,0.013496953,0.977945,0.004622801,3.382744e-05,0.0039014374
F1/IM-0001-0001.jpg,1,1,True,0.038219318,0.8943302,0.032012124,0.000553556,0.034884926
F1/IM-0001-0016_1.jpg,1,1,True,0.0036343664,0.9800268,0.0010773999,7.6082404e-05,0.0151853
F1/IM-0001-0003.jpg,1,1,True,0.06711415,0.88031197,0.020902004,0.00028375868,0.031388093
F1/IM-0001-0002_18.jpg,1,1,True,0.010476542,0.92793924,0.05462554,0.0002010676,0.006757574
F1/IM-0001-0002.jpg,1,1,True,0.051516343,0.92479444,0.012993442,0.0012485391,0.009447279
F1/IM-0005-0014-0002.jpg,1,1,True,0.011711681,0.7253777,0.006274777,0.023229906,0.23340595
F1/IM-0001-0005_14.jpg,1,1,True,0.0010531454,0.99229664,0.0003609986,2.7326567e-05,0.0062618675
F1/IM-0001-0002_6.jpg,1,1,True,0.009526525,0.9882792,0.001273356,7.0220603e-06,0.00091383053
F1/IM-0001-0004.jpg,1,1,True,0.010731961,0.98313856,0.0025288896,0.00030731823,0.0032933229
F1/IM-0001-0003_5.jpg,1,1,True,0.05643887,0.9344434,0.0029515522,0.0010134362,0.0051527554
F1/IM-0001-0010_1.jpg,1,1,True,0.0016695693,0.9967986,0.0011292078,9.612922e-05,0.00030653525
F1/IM-0001-0005.jpg,1,1,True,0.010731961,0.98313856,0.0025288896,0.00030731823,0.0032933229
F1/IM-0001-0001_4.jpg,1,1,True,0.022860555,0.96055937,0.0067234263,0.000202609,0.009654171
F1/IM-0001-0007-0002.jpg,1,1,True,0.018055923,0.97638124,0.004026762,0.00020730002,0.0013287935
F1/IM-0001-0033.jpg,1,1,True,0.010941599,0.9885095,0.00014911433,6.513516e-05,0.00033465758
F1/IM-0001-0019_1.jpg,1,1,True,0.012908868,0.9834758,0.0008587559,3.6888076e-05,0.0027195632
F1/IM-0001-0006.jpg,1,1,True,0.026004937,0.9602639,0.0042198314,0.0013317043,0.0081796935
F1/IM-0001-0004_17.jpg,1,1,True,0.010587598,0.98054034,0.004108988,2.455911e-05,0.004738475
F1/IM-0001-0004_15.jpg,1,1,True,0.012503765,0.9815329,0.0040955297,0.00067188335,0.0011959719
F1/IM-0001-0012_2.jpg,1,1,True,0.079862885,0.91879785,0.0006960426,0.00031380294,0.00032940603
F1/IM-0001-0031_1.jpg,1,1,True,0.0020502366,0.9841548,0.013353356,0.0003360092,0.00010543446
F1/IM-0001-0009_2.jpg,1,1,True,0.005192671,0.9903769,0.004016391,0.00027260272,0.00014144181
F1/IM-0001-0007_5.jpg,1,1,True,0.0010278982,0.99693465,0.0019055612,1.3402375e-05,0.00011848626
F1/IM-0001-0034.jpg,1,1,True,0.0036635355,0.99528354,0.00033125596,0.00040132593,0.00032028288
F1/IM-0001-0008_2.jpg,1,1,True,5.8488353e-05,0.99053335,0.00010850779,6.0064754e-06,0.00929367
F1/IM-0001-0035.jpg,1,1,True,0.0013197263,0.9966583,0.0013149228,0.00039715695,0.0003098504
F1/IM-0001-0014_2.jpg,1,1,True,0.1311504,0.78738666,0.0109508755,0.059868764,0.010643347
F1/IM-0001-0003_11.jpg,1,1,True,0.0003200287,0.9907817,0.008667272,0.00015741798,7.3435236e-05
F1/IM-0001-0001_15.jpg,1,1,True,0.12036911,0.8786956,0.00015904839,2.1222313e-05,0.0007550351
F1/IM-0001-0004_12.jpg,1,1,True,0.023709657,0.9299214,0.045114707,2.317686e-05,0.0012311598
F1/IM-0001-0001-0003.jpg,1,1,True,0.012033742,0.9686149,0.0030465974,0.0062163384,0.010088381
F1/IM-0001-0014_3.jpg,1,1,True,0.011052026,0.80357987,0.008136239,0.028307464,0.14892429
F1/IM-0001-0013_4.jpg,1,1,True,0.0012384421,0.96152097,0.03396299,8.994555e-05,0.0031874892
F1/IM-0001-0001_17.jpg,1,1,True,0.009552269,0.9597502,0.019277059,0.010782731,0.00063787034
F1/IM-0001-0012_4.jpg,1,1,True,0.0810152,0.9031039,0.007766258,0.00035825738,0.0077563617
F1/IM-0001-0009_4.jpg,1,0,False,0.54340005,0.40131667,0.012987226,0.00040327985,0.041892763
F1/IM-0001-0002_16.jpg,1,1,True,0.010297834,0.9881293,0.0009236559,0.0003420465,0.00030716514
F1/IM-0001-0005_8.jpg,1,1,True,0.014540986,0.9789146,0.001348158,0.0046964264,0.0004998102
F1/IM-0001-0006_5.jpg,1,1,True,0.0015170897,0.99390185,0.004391982,1.6507263e-05,0.00017258587
F1/IM-0001-0003_14.jpg,1,1,True,0.011810377,0.9860837,0.001714964,0.0002490141,0.00014200808
F1/IM-0001-0026_1.jpg,1,1,True,0.07434782,0.9134308,0.00052623794,0.011099174,0.0005958663
F1/IM-0001-0015_2.jpg,1,1,True,0.0014875333,0.9977603,0.0006407244,9.0779366e-05,2.0699095e-05
F1/IM-0001-0005_11.jpg,1,1,True,0.001541404,0.9981243,0.00021764974,4.462334e-05,7.2034934e-05
F1/IM-0001-0086.jpg,1,1,True,0.0015675128,0.94368464,0.0014462785,0.004055044,0.049246624
F1/IM-0001-0020_1.jpg,1,1,True,0.0022986461,0.9538388,0.017160904,0.0012482656,0.025453346
F1/IM-0001-0011_3.jpg,1,1,True,0.1306451,0.71426266,0.0083982665,7.610729e-05,0.14661783
F1/IM-0001-0004_7.jpg,1,1,True,0.011854159,0.98545,4.4229015e-05,4.386823e-06,0.002647246
F1/IM-0001-0127.jpg,1,1,True,0.0002558881,0.9772066,0.0009604287,3.2029315e-05,0.021545004
F1/IM-0001-0133.jpg,1,1,True,0.0021799346,0.98063916,0.0010487079,8.538681e-05,0.016046783
F1/IM-0001-0021-0002.jpg,1,1,True,0.0036009857,0.95640653,0.0065691774,0.016423672,0.016999772
F1/IM-0001-0015_3.jpg,1,1,True,0.020351209,0.9743921,0.002040618,0.00027754906,0.0029384734
F1/IM-0001-0033_1.jpg,1,3,False,0.16661969,0.28604802,0.058487482,0.39062795,0.09821685
F1/IM-0001-0014-0003.jpg,1,1,True,0.0010889078,0.9670476,0.02586109,0.0021675692,0.003834862
F1/IM-0001-0125.jpg,1,1,True,8.376797e-05,0.90518135,0.0019530912,2.9037918e-05,0.09275275
F1/IM-0001-0014-0002.jpg,1,1,True,0.0009753468,0.98630863,0.009266475,0.00058365136,0.002865941
F1/IM-0001-0132.jpg,1,1,True,0.0031306746,0.96740794,0.0032637517,0.000111582245,0.02608599
F1/IM-0003-0003.jpg,1,1,True,0.232472,0.718745,0.039396983,0.0030310259,0.0063550025
F1/IM-0001-0131.jpg,1,1,True,0.0002698266,0.93827015,0.014508947,9.9480116e-05,0.046851728
F1/IM-0001-0017_3.jpg,1,1,True,0.4710976,0.51546884,0.011862843,0.00026946524,0.0013012799
F1/IM-0001-0119.jpg,1,1,True,0.0005636404,0.9047476,0.019425383,0.0003013384,0.07496198
F1/IM-0001-0019_3.jpg,1,1,True,0.0021010968,0.755139,0.1305861,0.06226235,0.04991151
F1/IM-0001-0005_12.jpg,1,1,True,0.3148641,0.6504327,0.031437326,2.6352158e-05,0.0032395062
F1/IM-0003-0001_1.jpg,1,0,False,0.75127727,0.23497507,0.0020396858,0.0031529139,0.008554956
F1/IM-0001-0027.jpg,1,4,False,0.0010154226,0.2803475,0.18986458,0.011043993,0.51772857
F1/IM-0001-0023_1.jpg,1,1,True,0.0080531025,0.81664985,0.06220038,0.0462722,0.06682445
F1/IM-0001-0018_2.jpg,1,1,True,0.031864733,0.6879793,0.015577562,0.16144726,0.10313116
F1/IM-0001-0018_3.jpg,1,1,True,0.2767521,0.64322335,0.014286106,0.00012957815,0.06560886
F1/IM-0001-0001_14.jpg,1,1,True,0.035780672,0.96376437,8.2049e-05,6.081863e-07,0.0003723235
F1/IM-0001-0015-0002.jpg,1,1,True,0.0009834736,0.98288995,0.01022998,0.00038657477,0.005510006
F1/IM-0001-0020-0002.jpg,1,1,True,0.0141036045,0.95275676,0.0042615584,0.009101352,0.01977684
F1/IM-0003-0002.jpg,1,1,True,0.08483647,0.84729356,0.014936968,0.0026045952,0.050328374
F1/IM-0003-0006.jpg,1,1,True,0.07809253,0.8001206,0.024632184,0.02350204,0.07365273
F1/IM-0001-0092.jpg,1,1,True,0.00035530824,0.994843,0.0037454981,0.00033661939,0.0007196467
F1/IM-0003-0015.jpg,1,1,True,0.0562487,0.6935996,0.18547428,0.013163676,0.051513694
F1/IM-0003-0022.jpg,1,1,True,0.014260176,0.88482505,0.035433173,0.039647695,0.02583385
F1/IM-0003-0016.jpg,1,1,True,0.0057768603,0.9550865,0.01642107,0.018998837,0.003716655
F1/IM-0003-0008.jpg,1,1,True,0.00868862,0.5627617,0.22266822,0.0028595263,0.20302194
F1/IM-0003-0009.jpg,1,1,True,0.012899967,0.6568606,0.061609536,0.0061951983,0.2624348
F1/IM-0001-0004_13.jpg,1,1,True,0.0066283355,0.9916813,0.00036810566,4.48943e-06,0.0013178134
F1/IM-0001-0126.jpg,1,1,True,0.00034063513,0.91654927,0.0024469078,4.265977e-05,0.08062052
F1/IM-0001-0001_16.jpg,1,1,True,0.005655968,0.99407154,7.8606776e-05,1.8557755e-07,0.00019359676
F1/IM-0001-0002_12.jpg,1,1,True,0.0073993444,0.99154025,0.00016389335,3.5955254e-06,0.0008928484
F1/IM-0001-0084.jpg,1,1,True,0.00089530076,0.9192481,0.024725664,0.0014413714,0.053689595
F1/IM-0001-0002_14.jpg,1,1,True,0.003974798,0.9953585,0.0003032921,1.2650332e-06,0.00036202304
F1/IM-0003-0004.jpg,1,1,True,0.042245194,0.5300344,0.16296338,0.22893804,0.035818957
F1/IM-0001-0005_9.jpg,1,1,True,0.03718846,0.9599225,0.00045689504,2.9576813e-05,0.0024026022
F1/IM-0001-0001_5.jpg,1,1,True,0.038756147,0.9562693,0.00046140267,3.866528e-06,0.0045091724
F1/IM-0001-0005_4.jpg,1,1,True,0.060063884,0.93274,1.1729269e-05,2.525153e-06,0.007181983
F1/IM-0003-0020.jpg,1,1,True,0.07737081,0.47100312,0.31727594,0.015381627,0.1189685
F1/IM-0001-0003_12.jpg,1,1,True,0.015599758,0.9798307,0.0014335396,5.6122103e-06,0.003130316
F1/IM-0001-0015-0003.jpg,1,1,True,0.0072367107,0.88537264,0.08120666,0.003533739,0.022650324
F1/IM-0001-0091.jpg,1,1,True,0.00073433714,0.9954987,0.0025530558,0.0003196539,0.0008941528
F1/IM-0003-0001.jpg,1,1,True,0.11109229,0.8732912,0.0057290625,7.6172415e-05,0.009811197
F1/IM-0003-0007.jpg,1,1,True,0.0057857493,0.9866876,0.0026465922,0.00082853006,0.004051515
F1/IM-0001-0038.jpg,1,1,True,0.40974826,0.5275432,0.01053454,0.0018381185,0.050335962
F1/IM-0001-0007 (2).jpg,1,1,True,0.12607896,0.8314641,0.00029782188,0.0033772273,0.038781848
F1/IM-0001-0040.jpg,1,1,True,0.003320305,0.9737607,0.012377274,9.8844066e-05,0.010442828
F1/IM-0001-0008_3.jpg,1,1,True,0.02674607,0.8638807,0.061669502,0.00030550885,0.047398303
F1/IM-0001-0023.jpg,1,1,True,0.10709694,0.78962064,0.0057046656,0.00075355,0.09682431
F1/IM-0001-0022_1.jpg,1,1,True,0.30410868,0.6292874,0.0018962398,0.002817097,0.06189055
F1/IM-0001-0005_10.jpg,1,1,True,0.036615357,0.9553726,0.0005654155,9.680899e-05,0.0073496844
F1/IM-0001-0037.jpg,1,1,True,0.01461606,0.9831981,0.00039160193,3.8007627e-05,0.0017562362
F1/IM-0001-0007_7.jpg,1,1,True,0.087706424,0.80733764,0.0014105383,0.00049466314,0.10305074
F1/IM-0001-0039.jpg,1,0,False,0.57314855,0.41293138,0.00016326811,7.81619e-05,0.013678593
F1/IM-0001-0041.jpg,1,1,True,0.002065101,0.58566606,0.39299938,0.010744521,0.008524882
F1/IM-0001-0009_3.jpg,1,0,False,0.4906881,0.3915857,0.052113388,0.0045474176,0.061065458
F1/IM-0001-0003_13.jpg,1,1,True,0.020289,0.9731741,0.0013178004,0.0011292123,0.004089923
F1/IM-0001-0040_1.jpg,1,1,True,0.08762088,0.4839649,0.00014210674,0.0904564,0.3378158
F1/IM-0001-0006_7.jpg,1,1,True,0.03632541,0.9037278,9.2389295e-05,0.00015181862,0.059702523
F1/IM-0001-0050.jpg,1,1,True,0.068203874,0.7047276,0.18613766,0.022156138,0.018774651
F1/IM-0001-0052_1.jpg,1,1,True,0.0063409093,0.9799834,0.00407895,0.00027232378,0.009324329
F1/IM-0001-0005 (2)_1.jpg,1,1,True,0.2387193,0.7468197,0.00044007407,2.5893783e-05,0.013995051
F1/IM-0001-0051_1.jpg,1,1,True,0.044848092,0.7072751,0.055622447,0.0016012436,0.1906531
F1/IM-0001-0006_6.jpg,1,1,True,0.007855441,0.99085,0.00046690681,1.4880391e-06,0.0008260875
F1/IM-0001-0002_15.jpg,1,1,True,0.35113406,0.6403434,2.5992576e-05,6.3304938e-06,0.008490124
F1/IM-0001-0044_1.jpg,1,1,True,0.00083502254,0.90528244,0.04162975,0.01112159,0.041131113
F1/IM-0001-0004_14.jpg,1,1,True,0.39062795,0.58955675,0.0018736314,0.00030548326,0.017636139
F1/IM-0001-0006 (2).jpg,1,1,True,0.1318294,0.81497097,0.020790024,0.0032026311,0.029206894
F1/IM-0001-0013_3.jpg,1,1,True,0.24237245,0.44033283,0.000982409,0.0011469811,0.31516537
F1/IM-0001-0010_2.jpg,1,0,False,0.9434266,0.048253898,0.004492772,0.0023649202,0.0014618641
F1/IM-0001-0024_1.jpg,1,1,True,0.03750337,0.9060509,0.013958239,1.7932014e-05,0.042469658
F1/IM-0001-0007_6.jpg,1,1,True,0.009844675,0.98956084,0.0005339056,4.783218e-07,6.015008e-05
F1/IM-0001-0005_13.jpg,1,1,True,0.026496712,0.96824247,0.0038631996,0.00015546364,0.0012420645
F1/IM-0001-0068.jpg,1,4,False,0.00039727893,0.44651857,0.0003387355,1.9907224e-05,0.55272543
F1/IM-0001-0069.jpg,1,1,True,0.0028172096,0.8750957,0.029749507,0.011562329,0.08077513
F1/IM-0001-0051.jpg,1,1,True,0.0053101317,0.8750153,0.0068813628,0.006105102,0.10668823
F1/IM-0001-0012_3.jpg,1,1,True,0.25401682,0.6675503,0.044351205,0.00061755383,0.033464152
F1/IM-0001-0056.jpg,1,1,True,0.02119281,0.87211543,0.00047799488,0.0033865687,0.102827236
F1/IM-0001-0055.jpg,1,1,True,0.010592524,0.8135749,0.0008273089,0.031822305,0.14318308
F1/IM-0001-0002_8.jpg,1,1,True,0.0067066494,0.9887461,0.00046659823,0.0010629575,0.003017654
F1/IM-0001-0044.jpg,1,1,True,0.004350557,0.8267623,0.0024310462,0.0013468352,0.1651093
F1/IM-0001-0001_9.jpg,1,1,True,0.020471035,0.97593975,0.0024870196,0.00040808323,0.00069404545
F1/IM-0001-0004 (2)_1.jpg,1,1,True,0.34230682,0.45659554,0.0013982812,0.0018296969,0.19786964
F1/IM-0001-0083.jpg,1,1,True,0.0007389952,0.90693104,6.7392207e-06,1.71443e-05,0.092306055
F1/IM-0001-0053.jpg,1,1,True,0.38961574,0.5401462,0.0063579013,0.0077337874,0.05614634
F1/IM-0001-0080.jpg,1,4,False,0.021972302,0.23561952,0.0004811878,0.0037611255,0.7381659
F1/IM-0001-0079.jpg,1,1,True,0.015675012,0.72273755,6.48328e-05,0.0012989972,0.26022366
F1/IM-0001-0042.jpg,1,1,True,0.008930064,0.7063845,0.009433413,0.00023319547,0.27501893
F1/IM-0001-0082.jpg,1,1,True,0.0035836243,0.8786151,0.013343871,0.01332047,0.09113688
F1/IM-0001-0054.jpg,1,1,True,0.014887995,0.60376096,0.2019343,0.090288036,0.08912875
F1/IM-0001-0004 (3).jpg,1,1,True,0.21157399,0.78464586,0.0006755235,0.0003119842,0.0027927705
F1/IM-0001-0081.jpg,1,1,True,0.018234255,0.8591379,0.0031812743,0.00749843,0.1119481
F1/IM-0001-0052.jpg,1,1,True,0.038928475,0.91813266,0.006978436,0.0036082063,0.03235222
F1/IM-0001-0024.jpg,1,1,True,0.010881652,0.94852823,0.0012905981,0.00033542849,0.03896415
F1/IM-0001-0004_16.jpg,1,1,True,0.02387459,0.97380507,0.0011748867,1.2246436e-05,0.0011332498
F1/IM-0001-0003_8.jpg,1,1,True,0.011665603,0.98638886,0.0004539102,0.00016211144,0.0013294729
F1/IM-0001-0057.jpg,1,1,True,0.017903011,0.8633521,0.008503769,0.00082330656,0.10941783
F1/IM-0001-0002_17.jpg,1,1,True,0.067520924,0.91481394,0.014288407,0.00022193807,0.0031548273
F1/IM-0001-0002_11.jpg,1,0,False,0.55817866,0.1964158,0.2424799,0.0010601864,0.0018654645
F1/IM-0001-0014-0001.jpg,1,1,True,0.032218322,0.83955795,0.053989094,0.0039931154,0.07024143
F1/IM-0001-0003_6.jpg,1,1,True,0.005128413,0.99111736,0.0024200177,1.164369e-05,0.0013224819
F1/IM-0001-0003_10.jpg,1,0,False,0.9266124,0.062852785,0.0066910777,0.0015464363,0.002297353
F1/IM-0001-0005 (2).jpg,1,4,False,0.0015543908,0.38979754,0.0014544792,0.010697307,0.5964963
F1/IM-0001-0001_13.jpg,1,1,True,0.2180502,0.7200255,0.04256616,0.0021521722,0.01720601
F1/IM-0001-0001_8.jpg,1,0,False,0.61940396,0.37528715,0.0032543861,0.0007043391,0.0013501667
F1/IM-0001-0001 (2).jpg,1,1,True,0.01927576,0.9170545,0.009357243,0.0060916324,0.048220884
F1/IM-0001-0005_5.jpg,1,1,True,0.123033,0.875696,0.0008957587,7.1037684e-06,0.00036812486
F1/IM-0001-0003_15.jpg,1,1,True,0.026637236,0.8583401,0.1105926,0.0004475828,0.003982617
F1/IM-0001-0003_7.jpg,1,1,True,0.009605507,0.9895927,0.0002827606,1.844761e-05,0.0005006011
F1/IM-0001-0004_9.jpg,1,1,True,0.050375175,0.9451415,0.00056977745,0.0002878339,0.0036257573
F1/IM-0001-0006_3.jpg,1,1,True,0.017256256,0.98259777,1.0038441e-05,9.575582e-07,0.00013497673
F1/IM-0001-0018_1.jpg,1,1,True,0.018250989,0.56752616,0.007102187,0.012028598,0.3950921
F1/IM-0001-0003 (2).jpg,1,1,True,0.0155102825,0.8564637,0.003960299,0.011578363,0.112487376
F1/IM-0001-0001_18.jpg,1,1,True,0.03397707,0.80385166,0.13375789,0.014638884,0.013774534
F1/IM-0001-0002 (2).jpg,1,1,True,0.002297189,0.891941,0.0019931314,0.0030272736,0.10074138
F1/IM-0001-0016-0002.jpg,1,1,True,0.004661266,0.53354245,0.0031457548,0.006015163,0.45263544
F1/IM-0001-0017_2.jpg,1,1,True,0.0023670748,0.7864888,0.015605568,0.0019270795,0.1936116
F1/IM-0001-0019_2.jpg,1,4,False,0.00058840157,0.33018425,0.009719415,0.0054072547,0.6541007
F1/IM-0001-0005_6.jpg,1,1,True,0.26948026,0.6936551,0.0002693928,2.3389955e-05,0.03657188
F1/IM-0001-0002_7.jpg,1,1,True,0.005036603,0.99213225,1.9115796e-05,0.000111640366,0.0027003395
F1/IM-0001-0004_8.jpg,1,1,True,0.0034738844,0.99318063,0.0018592688,0.0001458531,0.0013403866
F1/IM-0001-0001_7.jpg,1,0,False,0.55301666,0.44263846,4.280682e-05,0.00016543314,0.004136637
F1/IM-0001-0007_3.jpg,1,1,True,0.0052998797,0.99399674,0.00034519483,3.1819327e-06,0.00035500716
F1/IM-0001-0004_10.jpg,1,0,False,0.9812135,0.015322545,2.5794616e-06,4.369105e-06,0.0034570463
F1/IM-0001-0016-0001.jpg,1,1,True,0.006113401,0.54406035,0.001876872,0.0009143768,0.4470349
F1/IM-0001-0003_9.jpg,1,1,True,0.0008409216,0.99141216,0.00021697013,2.5654938e-06,0.0075273514
F1/IM-0001-0005_7.jpg,1,1,True,0.009324085,0.9890863,0.0011344341,1.0695993e-05,0.00044452184
F1/IM-0001-0007_4.jpg,1,1,True,0.2787223,0.6715798,4.436975e-05,5.3998333e-06,0.049648277
F1/IM-0001-0004 (2).jpg,1,1,True,0.009430536,0.68557465,0.016085826,0.004599016,0.28430998
F1/IM-0001-0006_4.jpg,1,1,True,0.25759202,0.73726034,2.6773756e-05,1.7292816e-05,0.005103501
F1/IM-0001-0001_2.jpg,1,1,True,0.0754971,0.9122321,0.011367103,0.00060983514,0.0002939847
F1/IM-0001-0004_11.jpg,1,1,True,0.0009828383,0.99750215,7.435533e-05,7.4737306e-07,0.0014399677
F1/IM-0001-0001_12.jpg,1,1,True,0.03325853,0.96335185,0.0031029906,3.748881e-06,0.00028285602
F1/IM-0001-0001_11.jpg,1,1,True,0.15063904,0.7613941,0.051928256,0.0004267831,0.035611857
F1/IM-0001-0002_3.jpg,1,1,True,0.03607318,0.961431,0.0021488646,0.0001848945,0.00016205768
F1/IM-0001-0001_6.jpg,1,1,True,0.2036069,0.78004444,0.015246747,1.2393087e-06,0.0011007446
F1/IM-0001-0002_10.jpg,1,1,True,0.0009941423,0.99789244,0.00020229079,1.4893558e-06,0.00090953236
F1/IM-0001-0002_9.jpg,1,1,True,0.058706686,0.86475575,0.016458688,0.01265025,0.047428716
F1/IM-0001-0001_10.jpg,1,1,True,0.16862926,0.80977,0.0031615566,0.0017731875,0.01666612
F1/IM-0001-0003 (1).jpg,1,2,False,0.002365688,0.2643102,0.7329739,0.000158063,0.00019219404
F1/IM-0001-0004_4.jpg,1,1,True,0.025474034,0.9417743,0.007882221,0.024322834,0.00054667797
F2/Captura de pantalla 2025-10-08 a la(s) 5.51.22 p.m..png,2,2,True,1.3586407e-05,7.617364e-05,0.99076384,0.008550657,0.000595746
F2/Captura de pantalla 2025-10-08 a la(s) 5.36.53 p.m..png,2,2,True,4.4201246e-05,0.0003695229,0.9907312,0.008717711,0.00013736979
F2/IM-0001-0024_2.jpg,2,2,True,0.0970464,0.036559302,0.8547899,0.0018721783,0.009732251
F2/Captura de pantalla 2025-10-08 a la(s) 5.37.00 p.m..png,2,2,True,1.0291405e-05,0.0004991699,0.977794,0.020874802,0.00082171225
F2/IM-0003-0059-0002_1.jpg,2,2,True,5.118633e-06,0.00014572516,0.9979876,7.4814234e-06,0.0018539894
F2/IM-0003-0089-0001_1.jpg,2,2,True,1.1715346e-05,0.0004709662,0.998689,6.457263e-05,0.00076387275
F2/IM-0001-0002_3.jpg,2,2,True,0.0009179019,0.0062622256,0.99157435,0.0004976531,0.0007478741
F2/IM-0001-0025_1.jpg,2,2,True,0.0069172992,0.01948519,0.9611494,0.006078177,0.0063699596
F2/IM-0003-0053-0001_1.jpg,2,2,True,9.654175e-06,0.0005144309,0.9989767,1.7280217e-06,0.00049746246
F2/Captura de pantalla 2025-10-08 a la(s) 5.37.18 p.m..png,2,2,True,2.777375e-05,0.00016835747,0.9961504,0.0034094714,0.00024402367
F2/Captura de pantalla 2025-10-08 a la(s) 5.51.33 p.m..png,2,2,True,1.4410781e-05,2.2903849e-05,0.9956867,0.0008600271,0.0034158789
F2/IM-0001-0024 (2).jpg,2,2,True,5.877333e-05,0.00036384995,0.9995117,1.6285641e-05,4.928787e-05
F2/IM-0001-0021_1.jpg,2,2,True,1.1021671e-05,0.0014931682,0.99584717,0.000685453,0.001963163
F2/IM-0001-0026_1.jpg,2,2,True,0.0011773922,0.0013768522,0.99418205,0.002727923,0.00053580484
F2/IM-0003-0151-0002_1.jpg,2,2,True,3.2331864e-05,0.0039461367,0.9904266,0.00023437056,0.0053606657
F2/IM-0003-0052-0001_1.jpg,2,1,False,0.039838534,0.7855165,0.02063872,0.045836076,0.10817011
F2/IM-0001-0033_1.jpg,2,2,True,0.00026909538,0.01103529,0.9745507,0.008828871,0.005316022
F2/IM-0001-0002_2.jpg,2,2,True,0.00018278003,0.0006446472,0.99915934,9.535394e-06,3.7111229e-06
F2/IM-0001-0023_1.jpg,2,2,True,0.0016776967,0.057115622,0.91568613,0.0006599431,0.024860539
F2/IM-0003-0058-0002_1.jpg,2,2,True,7.4519758e-06,0.00012644067,0.9976979,1.7319358e-05,0.0021508336
F2/IM-0001-0001_4.jpg,2,2,True,0.0006589826,0.0037595264,0.99505216,0.00028939458,0.00023996597
F2/IM-0001-0022_1.jpg,2,2,True,0.015217755,0.036375463,0.9015401,0.043906298,0.0029604242
F2/IM-0001-0037_1.jpg,2,2,True,0.00020179727,0.0011333688,0.9939534,0.004281288,0.00043009786
F2/IM-0001-0031 (2).jpg,2,2,True,7.630058e-05,0.004063894,0.9949404,4.543368e-05,0.00087405957
F2/Captura de pantalla 2025-10-08 a la(s) 6.00.40 p.m..png,2,2,True,0.00044699502,0.0006352008,0.96862197,0.02989015,0.00040574008
F2/IM-0001-0003_2.jpg,2,2,True,0.00017680142,0.0004205385,0.99935883,3.3996927e-05,9.896539e-06
F2/IM-0001-0031_2.jpg,2,2,True,0.0032554674,0.0066373697,0.9657607,0.011308003,0.013038577
F2/IM-0003-0015_1.jpg,2,2,True,0.005328991,0.025126256,0.94826615,0.0076905238,0.013588157
F2/IM-0001-0001_3.jpg,2,2,True,0.02795588,0.041049723,0.92381346,0.0066584283,0.0005225575
F2/Captura de pantalla 2025-10-08 a la(s) 5.37.09 p.m..png,2,2,True,1.3495415e-05,0.0008803025,0.9772282,0.021254567,0.0006234307
F2/IM-0001-0030_2.jpg,2,2,True,0.03973339,0.0055978755,0.9220623,0.02492234,0.0076841963
F2/Captura de pantalla 2025-10-08 a la(s) 5.37.00 p.m._1.png,2,2,True,1.3100302e-05,0.00036772763,0.9400913,0.05872158,0.0008063092
F2/Captura de pantalla 2025-10-08 a la(s) 6.12.17 p.m._1.png,2,2,True,7.608462e-05,0.00012502886,0.99952245,0.00017179897,0.00010462544
F2/IM-0003-0118-0002_1.jpg,2,2,True,4.1703843e-06,0.0009923886,0.997775,1.9185562e-05,0.0012093636
F2/IM-0001-0003 (2).jpg,2,2,True,0.0006068748,0.014781555,0.9830688,1.1488453e-05,0.0015312294
F2/IM-0001-0003 (3).jpg,2,2,True,0.009402583,0.0014375561,0.9877415,0.0005480368,0.0008703642
F2/IM-0001-0001 (5).jpg,2,2,True,0.004606747,0.007102692,0.9868902,0.00015887615,0.0012414674
F2/IM-0001-0030 (2).jpg,2,2,True,2.087108e-06,1.9113251e-05,0.99979573,6.500603e-07,0.00018244976
F2/IM-0001-0002 (3).jpg,2,2,True,0.00042174195,0.0014867403,0.9980685,1.0413474e-06,2.19812e-05
F2/Captura de pantalla 2025-10-08 a la(s) 6.12.48 p.m._1.png,2,2,True,2.1308135e-06,1.7693315e-05,0.99991703,3.0049905e-05,3.3192307e-05
F2/IM-0001-0009_1.jpg,2,2,True,0.0005711901,0.0017598995,0.9885238,0.00047057887,0.008674557
F2/IM-0001-0001 (4).jpg,2,2,True,0.052447055,0.00096516195,0.9393936,0.006523983,0.00067021936
F2/Captura de pantalla 2025-10-08 a la(s) 6.12.29 p.m._1.png,2,2,True,2.508698e-06,6.7295596e-06,0.9999709,1.0892591e-05,9.015887e-06
F2/IM-0001-0027_1.jpg,2,2,True,0.0010176031,0.0075282743,0.78895646,0.09496373,0.10753401
F2/Captura de pantalla 2025-10-08 a la(s) 5.37.18 p.m._1.png,2,2,True,3.6903944e-05,0.00015658863,0.9941902,0.00544977,0.00016656602
F2/IM-0001-0020_1.jpg,2,2,True,5.345194e-05,0.00026673134,0.99933976,8.444676e-05,0.0002555493
F2/Captura de pantalla 2025-10-08 a la(s) 6.09.32 p.m._1.png,2,2,True,2.640684e-05,0.0001152637,0.9943036,0.005113733,0.00044103124
F2/Captura de pantalla 2025-10-08 a la(s) 6.20.29 p.m._1.png,2,2,True,5.8068263e-06,0.00010927167,0.99882025,0.000118015596,0.00094673637
F2/Captura de pantalla 2025-10-08 a la(s) 5.51.33 p.m._1.png,2,2,True,1.3654566e-05,0.00015861349,0.99287146,0.0051108613,0.0018454421
F2/IM-0001-0002 (4).jpg,2,2,True,0.010654992,0.0030209965,0.9792763,0.0037101915,0.0033375598
F2/IM-0001-0004_2.jpg,2,2,True,0.0007353549,0.017818533,0.9806809,1.0795015e-05,0.0007544788
F2/IM-0003-0119-0002_1.jpg,2,2,True,1.7536195e-05,0.00237195,0.99495524,5.6003548e-05,0.0025993462
F2/Captura de pantalla 2025-10-08 a la(s) 6.12.41 p.m._1.png,2,2,True,1.7008222e-06,4.826541e-06,0.9999602,1.457303e-05,1.8691577e-05
F2/IM-0001-0001 (2).jpg,2,2,True,0.00013249439,0.0011972227,0.9982316,0.0001738365,0.00026493607
F2/IM-0001-0002 (2).jpg,2,2,True,0.00021239731,0.004590369,0.9946313,0.0001668616,0.0003991012
F2/Captura de pantalla 2025-10-08 a la(s) 6.12.35 p.m._1.png,2,2,True,1.7008222e-06,4.826541e-06,0.9999602,1.457303e-05,1.8691577e-05
F2/Captura de pantalla 2025-10-08 a la(s) 5.37.09 p.m._1.png,2,2,True,2.4617195e-06,0.00032841827,0.98223305,0.017265173,0.00017079958
F2/Captura de pantalla 2025-10-08 a la(s) 6.04.26 p.m._1.png,2,2,True,0.0001649839,8.3241e-05,0.9805345,0.018769955,0.00044724176
F2/IM-0001-0008_2.jpg,2,2,True,3.5877212e-05,0.00036201027,0.995874,2.2913597e-05,0.003705117
F2/IM-0001-0008 (2).jpg,2,2,True,0.0004888546,0.004617942,0.99430144,0.0001153226,0.0004765042
F2/Captura de pantalla 2025-10-08 a la(s) 6.00.40 p.m._1.png,2,2,True,0.00013278594,0.00016317505,0.99087125,0.008632318,0.00020044265
F2/Captura de pantalla 2025-10-08 a la(s) 5.36.53 p.m._1.png,2,2,True,5.467125e-05,0.00046607392,0.9966859,0.0026367982,0.00015648996
F2/Captura de pantalla 2025-10-08 a la(s) 6.09.42 p.m._1.png,2,2,True,2.1877091e-05,1.6529151e-05,0.9823268,0.017612426,2.2421173e-05
F2/Captura de pantalla 2025-10-08 a la(s) 6.09.05 p.m._1.png,2,2,True,8.110961e-06,0.00025775906,0.99856925,0.00090855925,0.0002564128
F2/IM-0001-0018_2.jpg,2,2,True,0.09106649,0.008055209,0.89337325,0.0022084992,0.005296596
F2/Captura de pantalla 2025-10-08 a la(s) 6.09.25 p.m._1.png,2,2,True,2.065779e-05,4.8618367e-06,0.99965703,0.00015699388,0.00016048024
F2/Captura de pantalla 2025-10-08 a la(s) 6.09.19 p.m._1.png,2,2,True,4.4805096e-05,3.0630043e-05,0.99330163,0.006608103,1.4843352e-05
F2/Captura de pantalla 2025-10-08 a la(s) 6.12.12 p.m._1.png,2,2,True,1.1007021e-05,1.1879655e-05,0.9998777,4.5451732e-05,5.3995293e-05
F2/IM-0001-0001 (3).jpg,2,2,True,0.04294336,0.004230739,0.95242435,0.000106124826,0.0002954591
F2/Captura de pantalla 2025-10-08 a la(s) 6.20.35 p.m._1.png,2,2,True,1.6869326e-07,3.4613606e-07,0.99986124,3.7801412e-05,0.00010049334
F2/IM-0001-0009.jpg,2,2,True,0.00016425879,0.0017219889,0.9728218,0.00038611886,0.024905955
F2/IM-0001-0018_1.jpg,2,2,True,0.0024627207,0.0004963125,0.99689084,7.52027e-05,7.491072e-05
F2/Captura de pantalla 2025-10-08 a la(s) 6.12.06 p.m._1.png,2,2,True,2.0128931e-05,4.4219272e-05,0.9997255,0.00014133523,6.881084e-05
F2/IM-0001-0021.jpg,2,2,True,4.7344045e-05,0.001815957,0.99488646,0.00032414656,0.0029260404
F2/IM-0001-0005_1.jpg,2,2,True,0.005444731,0.0003628495,0.9937186,0.0001793873,0.0002945299
F2/IM-0001-0006_1.jpg,2,2,True,0.00175538,0.0014904224,0.99611986,7.3462856e-05,0.000560856
F2/IM-0001-0031_1.jpg,2,2,True,0.0003235677,0.0008982174,0.9947667,0.001555898,0.0024556082
F2/IM-0001-0037.jpg,2,2,True,3.428096e-05,0.00020957121,0.9986273,0.00028791899,0.0008409056
F2/IM-0001-0002_4.jpg,2,2,True,0.00059808,0.0016946947,0.99765503,4.469459e-05,7.526921e-06
F2/IM-0001-0027.jpg,2,2,True,0.0014899911,0.0029895308,0.94402426,0.0387003,0.012795994
F2/IM-0001-0004 (2).jpg,2,2,True,0.00068785687,0.0005051804,0.9986798,1.2080827e-05,0.00011515602
F2/IM-0001-0024_1.jpg,2,2,True,0.009609559,0.012675778,0.9620439,0.00092986465,0.014740833
F2/IM-0001-0033.jpg,2,2,True,0.0004906353,0.019561956,0.9619967,0.007970655,0.009980074
F2/IM-0001-0018 (2).jpg,2,2,True,0.00022324425,0.00059669744,0.99814737,0.0007790734,0.00025373453
F2/IM-0001-0030_1.jpg,2,2,True,0.0061446396,0.0016532073,0.9808709,0.0075911386,0.0037400937
F2/IM-0001-0025.jpg,2,2,True,0.0028991983,0.1497167,0.82101625,0.0040731523,0.022294667
F2/Captura de pantalla 2025-10-08 a la(s) 6.09.13 p.m._1.png,2,2,True,1.8343966e-05,1.6285583e-05,0.99830025,0.0016122968,5.2817704e-05
F2/IM-0001-0008_1.jpg,2,2,True,2.805598e-05,0.00081168616,0.991122,1.3163652e-05,0.008025171
F2/Captura de pantalla 2025-10-08 a la(s) 6.20.29 p.m..png,2,2,True,2.0389125e-06,4.6020334e-05,0.99917644,7.810917e-05,0.0006974377
F2/Captura de pantalla 2025-10-08 a la(s) 5.54.41 p.m._1.png,2,2,True,0.00024819918,0.00014216146,0.9918046,0.004561506,0.003243523
F2/Captura de pantalla 2025-10-08 a la(s) 6.04.36 p.m._1.png,2,2,True,4.2256062e-05,4.2950383e-06,0.9945345,0.0054107746,8.129637e-06
F2/IM-0001-0003_3.jpg,2,2,True,0.00018413222,0.00067978556,0.99909055,3.4386077e-05,1.104117e-05
F2/IM-0001-0026.jpg,2,2,True,0.011102136,0.012593326,0.9457105,0.027098022,0.0034959516
F2/Captura de pantalla 2025-10-08 a la(s) 6.12.22 p.m._1.png,2,2,True,1.7008222e-06,4.826541e-06,0.9999602,1.457303e-05,1.8691577e-05
F2/Captura de pantalla 2025-10-08 a la(s) 6.20.35 p.m..png,2,2,True,3.6142883e-05,6.2448584e-05,0.99546766,0.0008901304,0.0035435895
F2/Captura de pantalla 2025-10-08 a la(s) 5.34.39 p.m._1.png,2,2,True,0.00015379558,0.007663136,0.96561295,0.01749107,0.009079082
F2/IM-0001-0007_1.jpg,2,2,True,0.0020483194,0.0005927512,0.9971138,8.9250025e-05,0.00015583038
F2/Captura de pantalla 2025-10-08 a la(s) 5.51.22 p.m._1.png,2,2,True,3.2073196e-05,0.000101053054,0.9865307,0.011796579,0.0015395113
F2/Captura de pantalla 2025-10-08 a la(s) 5.34.47 p.m._1.png,2,2,True,2.7901893e-05,1.9956393e-05,0.9977703,0.002064693,0.00011711017
F2/IM-0001-0001_5.jpg,2,2,True,0.013945282,0.022915607,0.95836216,0.004028346,0.000748664
F2/IM-0003-0052-0001.jpg,2,1,False,0.09068085,0.5386852,0.027600605,0.010896278,0.33213708
F2/IM-0001-0020.jpg,2,2,True,0.00017310012,0.00057605753,0.99878556,0.00025131286,0.00021392408
F2/Captura de pantalla 2025-10-08 a la(s) 5.34.39 p.m..png,2,2,True,8.832252e-05,0.0014939669,0.99389535,0.0028086272,0.0017137035
F2/IM-0003-0015.jpg,2,2,True,0.00048317164,0.0268138,0.96612865,0.0026848845,0.0038895975
F2/IM-0003-0151-0002.jpg,2,2,True,9.184223e-05,0.011571882,0.9853065,0.00033750752,0.0026924117
F2/IM-0001-0001.jpg,2,2,True,0.01842427,0.017743371,0.96354663,5.110797e-05,0.00023467487
F2/Captura de pantalla 2025-10-08 a la(s) 6.04.26 p.m..png,2,2,True,0.00024743294,5.7207766e-05,0.9976927,0.0019139271,8.884814e-05
F2/IM-0003-0118-0002.jpg,2,2,True,7.174506e-06,0.0008873082,0.9969375,0.00011589916,0.0020520699
F2/Captura de pantalla 2025-10-08 a la(s) 5.34.47 p.m..png,2,2,True,1.0487423e-05,1.6754031e-05,0.99906224,0.0007728618,0.00013762912
F2/Captura de pantalla 2025-10-08 a la(s) 6.04.36 p.m..png,2,2,True,0.0001840407,1.7466107e-05,0.9986368,0.0011359465,2.5693134e-05
F2/IM-0001-0001_2.jpg,2,2,True,0.0017633021,0.011643401,0.98368144,0.000262673,0.00264924
F2/IM-0003-0059-0002.jpg,2,2,True,3.353168e-05,0.0008572759,0.99376786,4.751708e-05,0.0052938988
F2/IM-0003-0058-0002.jpg,2,2,True,1.7000195e-05,0.0005616842,0.9943803,3.457129e-05,0.0050063683
F2/IM-0003-0089-0001.jpg,2,2,True,2.4736748e-06,0.0005407655,0.99913305,1.5173919e-05,0.00030857456
F2/Captura de pantalla 2025-10-08 a la(s) 5.54.41 p.m..png,2,2,True,3.041998e-05,1.8609324e-05,0.99669975,0.0018448682,0.0014063179
F2/IM-0003-0053-0001.jpg,2,2,True,0.0003039839,0.015356969,0.9762573,3.6203288e-05,0.008045548
F2/IM-0001-0004.jpg,2,2,True,1.1235214e-05,0.0023543162,0.997398,5.9757326e-07,0.00023587758
F2/IM-0003-0119-0002.jpg,2,2,True,5.964214e-06,0.0011395768,0.9961767,6.759264e-05,0.0026102157
F2/Captura de pantalla 2025-10-08 a la(s) 6.09.32 p.m..png,2,2,True,5.3143205e-05,7.593626e-05,0.99769044,0.0019974606,0.00018308328
F2/Captura de pantalla 2025-10-08 a la(s) 6.12.29 p.m..png,2,2,True,4.0269256e-06,2.1578624e-06,0.99997795,1.2736639e-05,3.056438e-06
F2/IM-0001-0002.jpg,2,2,True,0.0028395536,0.0018864623,0.9951331,1.1045281e-05,0.0001297908
F2/IM-0001-0031.jpg,2,2,True,0.00015203115,0.012135757,0.9838897,0.00010042887,0.0037221375
F2/Captura de pantalla 2025-10-08 a la(s) 6.09.42 p.m..png,2,2,True,1.6010183e-05,2.4459316e-05,0.9947082,0.0052443333,6.9749344e-06
F2/IM-0001-0018.jpg,2,2,True,0.00036162967,0.0018739188,0.9949837,0.0021721022,0.00060855405
F2/IM-0001-0024.jpg,2,2,True,0.0005083388,0.0013245,0.99694115,0.000593816,0.00063212524
F2/IM-0001-0030.jpg,2,2,True,2.880002e-07,1.0560004e-05,0.99993134,8.341907e-08,5.772044e-05
F2/Captura de pantalla 2025-10-08 a la(s) 6.09.25 p.m..png,2,2,True,1.1281619e-05,6.7170854e-06,0.99890196,0.00087298313,0.00020713623
F2/Captura de pantalla 2025-10-08 a la(s) 6.09.05 p.m..png,2,2,True,1.6041917e-05,0.00036756,0.99852544,0.000740686,0.00035015034
F2/Captura de pantalla 2025-10-08 a la(s) 6.12.22 p.m..png,2,2,True,8.632681e-06,3.4274178e-06,0.9999243,5.243444e-05,1.1211982e-05
F2/Captura de pantalla 2025-10-08 a la(s) 6.12.17 p.m..png,2,2,True,0.00013546758,0.00017984693,0.9991698,0.0003079597,0.00020699487
F2/IM-0001-0022.jpg,2,2,True,0.030987851,0.034780674,0.6290121,0.28978327,0.015436074
F2/Captura de pantalla 2025-10-08 a la(s) 6.12.06 p.m..png,2,2,True,3.1243612e-06,9.848017e-07,0.9999602,2.5599305e-05,1.0112605e-05
F2/Captura de pantalla 2025-10-08 a la(s) 6.12.41 p.m..png,2,2,True,8.632681e-06,3.4274178e-06,0.9999243,5.243444e-05,1.1211982e-05
F2/Captura de pantalla 2025-10-08 a la(s) 6.12.48 p.m..png,2,2,True,2.781495e-06,2.604037e-06,0.9999757,1.3693389e-05,5.218831e-06
F2/IM-0001-0023.jpg,2,2,True,0.00071235205,0.25061956,0.7242815,0.003537529,0.020849014
F2/Captura de pantalla 2025-10-08 a la(s) 6.12.35 p.m..png,2,2,True,8.632681e-06,3.4274178e-06,0.9999243,5.243444e-05,1.1211982e-05
F2/Captura de pantalla 2025-10-08 a la(s) 6.09.19 p.m..png,2,2,True,1.2612069e-05,8.259894e-06,0.9983352,0.0016359286,8.144129e-06
F2/IM-0001-0003.jpg,2,2,True,0.00014900503,0.0027406705,0.99668735,4.536092e-05,0.00037763064
F2/Captura de pantalla 2025-10-08 a la(s) 6.09.13 p.m..png,2,2,True,3.647816e-05,1.0562067e-05,0.99509573,0.004835554,2.1713102e-05
F2/IM-0001-0004_1.jpg,2,2,True,0.00016877643,0.00039127495,0.99927336,3.3927143e-05,0.00013265517
F2/IM-0001-0006.jpg,2,2,True,0.0029168988,0.0035511642,0.99200714,2.816305e-05,0.0014966329
F2/IM-0001-0007.jpg,2,2,True,0.0023379272,0.00065541244,0.99646544,0.0001580332,0.00038318167
F2/IM-0001-0002_1.jpg,2,2,True,0.019632518,0.0059474357,0.96639395,0.003532413,0.004493686
F2/IM-0001-0001_1.jpg,2,2,True,0.19395314,0.006769312,0.7918156,0.003988514,0.0034735627
F2/IM-0001-0005.jpg,2,2,True,0.004714968,0.00087265985,0.99375266,0.0001375768,0.0005222188
F2/Captura de pantalla 2025-10-08 a la(s) 6.12.12 p.m..png,2,2,True,6.5485933e-06,1.4948251e-05,0.99989116,1.1802934e-05,7.5584285e-05
F2/IM-0001-0008.jpg,2,2,True,0.002134682,0.0015016263,0.9960461,6.641529e-05,0.0002510901
F2/IM-0001-0003_1.jpg,2,2,True,0.078671664,0.01478007,0.90244645,0.0019358926,0.0021658558
F3/IM-0001-0001 (2).jpg,3,3,True,0.0737518,0.06792088,0.06113162,0.75566024,0.04153542
F3/Captura de pantalla 2025-10-08 a la(s) 3.46.21 p.m..png,3,3,True,0.0007381153,0.00018497476,0.0021399963,0.9966905,0.0002464267
F3/Captura de pantalla 2025-10-08 a la(s) 4.22.32 p.m..png,3,3,True,0.00013603651,0.00904879,0.0068985596,0.97977453,0.0041421545
F3/IM-0001-0006.jpg,3,3,True,0.0016200504,0.00023692925,0.0014872162,0.9966228,3.303248e-05
F3/IM-0001-0005.jpg,3,3,True,0.00069932954,0.017566554,0.0033168704,0.9778015,0.0006156812
F3/IM-0001-0001.jpg,3,3,True,0.00018405964,0.0001608928,0.00088551745,0.99861765,0.00015184986
F3/IM-0001-0002.jpg,3,3,True,0.0005114292,0.00017764894,0.0018725428,0.99098384,0.006454567
F3/IM-0001-0008.jpg,3,3,True,0.00311897,0.00023032093,0.0028923743,0.99365234,0.00010599527
F3/Captura de pantalla 2025-10-08 a la(s) 4.24.21 p.m..png,3,3,True,8.177255e-06,0.0013820309,0.01388082,0.9806126,0.004116433
F3/Captura de pantalla 2025-10-08 a la(s) 4.22.22 p.m..png,3,3,True,0.00045255182,0.016915733,0.14591676,0.82935095,0.0073640044
F3/Captura de pantalla 2025-10-08 a la(s) 4.22.54 p.m..png,3,3,True,1.7361732e-05,0.010187658,0.026855864,0.9519839,0.0109551465
F3/Captura de pantalla 2025-10-08 a la(s) 4.22.42 p.m..png,3,3,True,0.00015285953,0.0009785716,0.0011210144,0.9971826,0.0005650393
F3/Captura de pantalla 2025-10-08 a la(s) 4.24.04 p.m..png,3,3,True,3.0318745e-06,5.1719544e-05,0.007762424,0.9921705,1.2264463e-05
F3/IM-0001-0007.jpg,3,3,True,0.0006540892,0.00023186013,0.0002273478,0.9988495,3.7110745e-05
F3/IM-0001-0038.jpg,3,3,True,2.2125603e-05,1.2546686e-05,8.648915e-06,0.9999443,1.2427315e-05
F3/IM-0001-0013.jpg,3,3,True,0.0005119132,0.00042367034,0.0003562949,0.99797636,0.0007318133
F3/IM-0001-0045_1.jpg,3,3,True,0.00091630925,0.0008285699,0.0006949649,0.9975108,4.9302434e-05
F3/IM-0001-0021.jpg,3,3,True,0.0029781768,0.009682386,0.00094672485,0.9768187,0.009574046
F3/IM-0001-0036.jpg,3,3,True,0.0004576638,0.0009113031,4.8963382e-05,0.9957904,0.002791603
F3/IM-0001-0049.jpg,3,3,True,0.0019829646,8.7573804e-05,0.00049630034,0.9946779,0.002755317
F3/IM-0001-0014.jpg,3,3,True,5.4858046e-05,7.3803734e-05,0.000103193095,0.9997061,6.1934195e-05
F3/IM-0001-0006_1.jpg,3,3,True,4.7166784e-05,6.5989145e-05,5.8880805e-06,0.99962246,0.00025842592
F3/IM-0001-0005_1.jpg,3,3,True,1.8529805e-05,1.9378397e-06,8.258245e-06,0.9999671,4.1475155e-06
F3/Captura de pantalla 2025-10-08 a la(s) 3.50.17 p.m..png,3,3,True,0.0012428212,0.0011797065,0.03484352,0.9612736,0.0014603478
F3/IM-0001-0046.jpg,3,3,True,0.0004744959,0.0011250228,7.218801e-05,0.9980919,0.0002363886
F3/IM-0001-0035.jpg,3,3,True,0.00014286097,0.000139585,2.7363594e-05,0.99951184,0.00017838983
F3/IM-0001-0043_1.jpg,3,3,True,1.8007802e-05,1.1128889e-06,3.832505e-05,0.99993527,7.2688886e-06
F3/IM-0001-0004.jpg,3,3,True,0.0001949397,9.16574e-06,3.0405563e-05,0.9997584,7.0320752e-06
F3/IM-0001-0002_1.jpg,3,3,True,0.00010102511,4.3854336e-05,0.0047752545,0.993961,0.0011189005
F3/IM-0001-0037.jpg,3,3,True,0.0005215611,0.0003095238,2.212975e-05,0.9990727,7.409149e-05
F3/IM-0001-0007_1.jpg,3,3,True,0.00044185296,5.4776436e-05,6.070802e-05,0.9986426,0.0008000279
F3/IM-0001-0001_1.jpg,3,3,True,0.0009383788,8.339219e-05,0.0073779295,0.9901917,0.001408584
F3/IM-0001-0048.jpg,3,3,True,0.00092668156,0.000100547215,0.0003673605,0.99848527,0.00012021286
F3/IM-0001-0047_1.jpg,3,3,True,1.7634431e-05,1.997576e-05,7.177176e-07,0.9999528,8.842997e-06
F3/Captura de pantalla 2025-10-08 a la(s) 3.46.44 p.m..png,3,3,True,0.0017742424,0.0003525364,0.0023766193,0.9952361,0.0002605551
F3/IM-0001-0020.jpg,3,3,True,0.00034875335,0.007414211,0.00055406016,0.9877643,0.0039187656
F3/IM-0001-0044_1.jpg,3,3,True,0.0007422817,7.369711e-05,0.0054335166,0.9931872,0.0005633392
F3/Captura de pantalla 2025-10-08 a la(s) 3.44.08 p.m..png,3,3,True,0.00010244683,0.00010312388,0.0003344759,0.9992718,0.00018813247
F3/Captura de pantalla 2025-10-08 a la(s) 3.43.45 p.m..png,3,3,True,0.00070198864,4.948737e-06,0.01666986,0.982567,5.6276876e-05
F3/Captura de pantalla 2025-10-08 a la(s) 3.43.38 p.m..png,3,3,True,0.00018027263,2.3300563e-05,0.0006169262,0.9991289,5.0588493e-05
F3/Captura de pantalla 2025-10-08 a la(s) 3.44.25 p.m..png,3,3,True,0.00014168488,2.3119146e-05,0.0011616166,0.99849725,0.000176308
F3/IM-0001-0040.jpg,3,3,True,0.0008108993,0.000120387835,0.0002693433,0.99856347,0.00023598211
F3/IM-0001-0025.jpg,3,3,True,0.008426752,0.0003944345,6.018211e-06,0.9894304,0.0017423626
F3/IM-0001-0044.jpg,3,3,True,0.22634877,0.0031819008,0.0006942772,0.6991066,0.070668526
F3/IM-0001-0024.jpg,3,3,True,0.05770597,0.0026283495,0.0027785946,0.9172871,0.019599907
F3/Captura de pantalla 2025-10-08 a la(s) 3.44.15 p.m..png,3,3,True,6.075877e-05,3.388091e-05,0.00060215156,0.99925166,5.160559e-05
F3/IM-0001-0031.jpg,3,3,True,0.011313091,0.00040442837,3.1810025e-05,0.98722965,0.0010210589
F3/Captura de pantalla 2025-10-08 a la(s) 3.55.06 p.m..png,3,3,True,0.0012818275,0.000624376,0.035802875,0.96138763,0.0009032714
F3/IM-0001-0030.jpg,3,3,True,0.02478162,0.0009966808,0.0012542567,0.9727375,0.00022990233
F3/IM-0001-0019.jpg,3,3,True,0.058949094,0.0048950794,0.0892723,0.84505576,0.0018277686
F3/IM-0001-0045.jpg,3,3,True,0.0202491,7.711661e-05,0.00014937828,0.9791023,0.00042208142
F3/IM-0001-0047.jpg,3,3,True,0.004745743,5.3665084e-05,0.00076287106,0.9931973,0.0012404923
F3/IM-0001-0042.jpg,3,3,True,0.089149505,0.0010475082,0.002972598,0.9056066,0.0012238071
F3/Captura de pantalla 2025-10-08 a la(s) 3.43.52 p.m..png,3,3,True,0.00027034004,3.7979717e-05,9.614171e-05,0.9995127,8.279955e-05
F3/Captura de pantalla 2025-10-08 a la(s) 3.43.59 p.m..png,3,3,True,1.6872607e-05,1.6441641e-05,9.782476e-05,0.9997868,8.208945e-05
F3/IM-0001-0041.jpg,3,3,True,0.104878835,0.00016900872,9.649482e-05,0.88652563,0.008330016
F3/IM-0001-0043.jpg,3,3,True,0.055241387,6.908351e-05,1.5361624e-05,0.9444912,0.00018292804
F3/Captura de pantalla 2025-10-08 a la(s) 4.15.46 p.m..png,3,3,True,2.0297788e-05,0.00018071562,7.60146e-05,0.9995554,0.00016757913
F3/Captura de pantalla 2025-10-08 a la(s) 4.07.12 p.m..png,3,3,True,0.0004936124,0.0013134782,0.0012830216,0.99467176,0.0022380613
F3/Captura de pantalla 2025-10-08 a la(s) 4.13.20 p.m..png,3,3,True,0.000100234676,6.377194e-05,0.01820801,0.9813674,0.0002605308
F3/Captura de pantalla 2025-10-08 a la(s) 5.01.51 p.m..png,3,3,True,3.0453466e-05,0.00035183763,0.038407203,0.9603638,0.00084677513
F3/Captura de pantalla 2025-10-08 a la(s) 3.52.21 p.m..png,3,3,True,0.0066387192,0.0013325674,0.022155905,0.9680071,0.0018657586
F3/Captura de pantalla 2025-10-08 a la(s) 4.13.14 p.m..png,3,3,True,1.7900149e-05,0.00042648663,0.00014684063,0.9991122,0.0002965671
F3/Captura de pantalla 2025-10-08 a la(s) 4.13.27 p.m..png,3,3,True,0.00046725982,0.00010626547,0.023906905,0.9749535,0.0005661471
F3/Captura de pantalla 2025-10-08 a la(s) 5.01.58 p.m..png,3,3,True,7.302808e-05,9.501731e-05,0.17785294,0.82176864,0.00021034286
F3/IM-0001-0047 (2).jpg,3,3,True,8.4399246e-05,2.2154925e-05,1.4244633e-06,0.99984777,4.4205663e-05
F3/Captura de pantalla 2025-10-08 a la(s) 5.01.44 p.m..png,3,3,True,3.0447614e-05,0.00013145225,0.03420419,0.9654903,0.00014361854
F3/Captura de pantalla 2025-10-08 a la(s) 3.52.14 p.m..png,3,3,True,0.0003927163,0.0047142655,0.008825986,0.980292,0.005774954
F3/Captura de pantalla 2025-10-08 a la(s) 4.07.25 p.m..png,3,3,True,0.0003727182,0.00034356062,0.003162749,0.9943177,0.001803281
F3/Captura de pantalla 2025-10-08 a la(s) 4.07.19 p.m..png,3,3,True,6.3575004e-05,0.00022022967,0.0016657033,0.9976584,0.00039213337
F3/Captura de pantalla 2025-10-08 a la(s) 4.07.05 p.m..png,3,3,True,0.00048030456,0.000116013325,0.0121142045,0.98497933,0.00231011
F3/IM-0001-0007 (2).jpg,3,3,True,0.00025392842,9.4711495e-06,6.6035944e-05,0.999579,9.156238e-05
F3/IM-0001-0042_1.jpg,3,3,True,0.044040244,0.00079757033,0.008545027,0.9452361,0.0013811184
F3/IM-0001-0041_1.jpg,3,3,True,0.03764211,3.786865e-05,0.00012439111,0.96154106,0.0006545753
F3/IM-0001-0045_2.jpg,3,3,True,0.047559693,0.00101658,0.0019504195,0.94903827,0.0004349696
F3/IM-0001-0005_2.jpg,3,3,True,0.007606224,0.030228546,0.09896291,0.8626823,0.00052003673
F3/IM-0001-0043_2.jpg,3,3,True,0.008472694,0.00038065904,0.00020225644,0.9893612,0.0015831167
F3/IM-0001-0006_2.jpg,3,3,True,0.0013456283,0.0007940404,0.0026662045,0.995167,2.7225191e-05
F3/IM-0001-0036_1.jpg,3,3,True,0.00051641243,0.0042104768,0.0015206292,0.9852555,0.008496997
F3/IM-0001-0048_1.jpg,3,3,True,0.005393997,0.00010888615,0.0016836344,0.99261284,0.00020054828
F3/IM-0001-0030_1.jpg,3,3,True,0.0026913895,0.00025330385,0.00026512746,0.9966774,0.00011273731
F3/IM-0001-0001_2.jpg,3,3,True,0.001468051,0.0021737497,0.014467148,0.9791054,0.0027855951
F3/Captura de pantalla 2025-10-08 a la(s) 5.01.44 p.m._1.png,3,3,True,2.8041542e-05,0.00012858873,0.034521718,0.9652699,5.170197e-05
F3/IM-0001-0043 (2).jpg,3,3,True,0.0001220313,4.9046463e-05,9.119366e-05,0.9996904,4.7293954e-05
F3/IM-0001-0024_1.jpg,3,3,True,0.056816965,0.007998491,0.0038151718,0.9038546,0.027514687
F3/IM-0001-0001 (3).jpg,3,3,True,0.0026122702,0.0026726744,0.016850207,0.94036573,0.037499126
F3/IM-0001-0007_2.jpg,3,3,True,0.0002568794,0.001854707,0.001240677,0.99651474,0.00013309238
F3/IM-0001-0047_2.jpg,3,3,True,0.003187907,2.9137616e-05,0.0015488064,0.99482536,0.0004087919
F3/IM-0001-0044 (2).jpg,3,3,True,0.00011087706,7.5183605e-05,0.0015016529,0.9980102,0.0003020287
F3/IM-0001-0044_2.jpg,3,3,True,0.2094973,0.009815636,0.0046031927,0.65160054,0.124483325
F3/Captura de pantalla 2025-10-08 a la(s) 4.24.21 p.m._1.png,3,3,True,3.4741297e-05,0.0007978042,0.15406862,0.84383744,0.0012614701
F3/IM-0001-0019_1.jpg,3,3,True,0.010481117,0.00024077411,0.0027846217,0.9860735,0.00042000762
F3/IM-0001-0001 (2)_1.jpg,3,3,True,0.03318711,0.08457043,0.0510175,0.8038521,0.027372848
F3/IM-0001-0002 (2).jpg,3,3,True,0.00015004085,2.2282451e-05,0.004550938,0.99490017,0.00037658
F3/IM-0001-0021_1.jpg,3,3,True,0.0001327229,0.0003576816,0.00048843585,0.9983296,0.0006915111
F3/Captura de pantalla 2025-10-08 a la(s) 5.01.58 p.m._1.png,3,3,True,8.3125466e-05,5.2893927e-05,0.07263269,0.92719024,4.1003073e-05
F3/IM-0001-0004_1.jpg,3,3,True,0.00024253185,2.367205e-06,0.00012300826,0.9996277,4.367372e-06
F3/IM-0001-0031_1.jpg,3,3,True,0.027172899,0.0006455078,0.00042298815,0.97001654,0.001741993
F3/IM-0001-0035_1.jpg,3,3,True,0.00028196548,0.00016836896,2.4570385e-05,0.9983669,0.0011582616
F3/IM-0001-0040_1.jpg,3,3,True,0.00028770376,5.363444e-05,5.9009988e-05,0.99948764,0.00011199335
F3/IM-0001-0002_2.jpg,3,3,True,0.00032905827,0.0001760464,0.0024026472,0.9958335,0.0012587223
F3/IM-0001-0005 (2).jpg,3,3,True,0.0003915383,4.6018456e-05,0.002401443,0.99711204,4.900111e-05
F3/IM-0001-0008_1.jpg,3,3,True,0.0005613262,0.00031064855,0.00077172095,0.99823415,0.00012206312
F3/IM-0001-0013_1.jpg,3,3,True,0.0006477071,0.00044744732,0.00022116076,0.99787986,0.00080379617
F3/Captura de pantalla 2025-10-08 a la(s) 4.02.36 p.m._1.png,3,3,True,3.855285e-05,0.00027102864,0.012152553,0.9874464,9.148538e-05
F3/IM-0001-0014_1.jpg,3,3,True,7.927155e-05,9.687973e-05,0.00014391741,0.99933124,0.00034868642
F3/IM-0001-0038_1.jpg,3,3,True,3.356123e-05,1.1838902e-05,2.8721506e-05,0.99989164,3.4195928e-05
F3/Captura de pantalla 2025-10-08 a la(s) 3.44.15 p.m._1.png,3,3,True,0.00040130012,0.0002739128,0.0013922988,0.9977355,0.00019696899
F3/IM-0001-0046_1.jpg,3,3,True,0.0010527201,0.00545784,0.0002503221,0.99217224,0.001066887
F3/IM-0001-0025_1.jpg,3,3,True,0.008494059,0.00068805687,8.937965e-05,0.9882931,0.002435459
F3/Captura de pantalla 2025-10-08 a la(s) 4.13.14 p.m._1.png,3,3,True,1.493444e-05,0.00021535218,0.001344177,0.99801695,0.00040859552
F3/IM-0001-0045 (2).jpg,3,3,True,0.0021673152,0.0013178487,0.0012643175,0.9951369,0.000113662274
F3/IM-0001-0020_1.jpg,3,3,True,9.38122e-05,0.0001436027,9.457539e-05,0.9992384,0.0004296183
F3/Captura de pantalla 2025-10-08 a la(s) 4.07.25 p.m._1.png,3,3,True,0.00010560484,0.00022134467,0.00039610485,0.998206,0.0010710085
F3/Captura de pantalla 2025-10-08 a la(s) 4.24.04 p.m._1.png,3,3,True,5.6455297e-06,0.00016282509,0.027990045,0.9718004,4.1117622e-05
F3/Captura de pantalla 2025-10-08 a la(s) 5.01.51 p.m._1.png,3,3,True,5.4330725e-05,0.00031236056,0.037600756,0.9613344,0.0006980918
F3/IM-0001-0037_1.jpg,3,3,True,0.002642785,0.00028352134,0.00011587765,0.9963277,0.0006300685
F3/IM-0001-0006 (2).jpg,3,3,True,0.00020922572,4.3983047e-05,1.1834389e-05,0.99924076,0.0004942391
F3/IM-0001-0049_1.jpg,3,3,True,0.010074102,0.00028348225,0.0010612871,0.9858612,0.0027199257
F3/Captura de pantalla 2025-10-08 a la(s) 3.43.52 p.m._1.png,3,3,True,0.00013611934,3.3628887e-05,0.00014675458,0.9995871,9.636726e-05
F3/Captura de pantalla 2025-10-08 a la(s) 3.52.14 p.m._1.png,3,3,True,0.0011310652,0.00594917,0.09591647,0.8838488,0.013154433
F3/Captura de pantalla 2025-10-08 a la(s) 4.13.20 p.m._1.png,3,3,True,0.00014840372,8.9991074e-05,0.038473018,0.9592199,0.0020686167
F3/Captura de pantalla 2025-10-08 a la(s) 3.43.45 p.m._1.png,3,3,True,0.0016247913,9.131218e-06,0.003574001,0.99468297,0.00010914363
F3/Captura de pantalla 2025-10-08 a la(s) 3.56.45 p.m._1.png,3,3,True,0.00039620567,0.0016189289,0.025329325,0.9675524,0.0051031397
F3/Captura de pantalla 2025-10-08 a la(s) 4.07.19 p.m._1.png,3,3,True,8.191323e-05,0.00013551577,0.002079182,0.9972887,0.0004147107
F3/Captura de pantalla 2025-10-08 a la(s) 3.46.21 p.m._1.png,3,3,True,0.0011535003,0.00033909644,0.0049189054,0.99305797,0.00053051015
F3/Captura de pantalla 2025-10-08 a la(s) 4.02.23 p.m._1.png,3,3,True,0.0002527837,0.00036583666,0.004612584,0.99459755,0.00017115574
F3/Captura de pantalla 2025-10-08 a la(s) 3.52.21 p.m._1.png,3,3,True,0.0038011887,0.00083990325,0.008446877,0.9691973,0.017714702
F3/Captura de pantalla 2025-10-08 a la(s) 4.02.30 p.m._1.png,3,3,True,3.7389083e-05,0.0004924384,0.0038058842,0.99562186,4.2384963e-05
F3/Captura de pantalla 2025-10-08 a la(s) 3.44.25 p.m._1.png,3,3,True,0.00037223936,0.00012383892,0.0005948736,0.9984207,0.0004883153
F3/Captura de pantalla 2025-10-08 a la(s) 4.22.42 p.m._1.png,3,3,True,7.431061e-05,0.00033768965,0.0005148902,0.9989159,0.0001571746
F3/Captura de pantalla 2025-10-08 a la(s) 3.56.56 p.m._1.png,3,3,True,0.00066283916,0.0018158105,0.0315014,0.9618893,0.0041306755
F3/Captura de pantalla 2025-10-08 a la(s) 4.07.05 p.m._1.png,3,3,True,0.0009167088,0.0002216625,0.014602148,0.98113316,0.0031262897
F3/Captura de pantalla 2025-10-08 a la(s) 4.13.27 p.m._1.png,3,3,True,8.931991e-05,3.302594e-05,0.037446197,0.95998347,0.0024479283
F3/Captura de pantalla 2025-10-08 a la(s) 3.46.44 p.m._1.png,3,3,True,0.0006826022,0.0006117097,0.00061846134,0.9968485,0.0012387022
F3/Captura de pantalla 2025-10-08 a la(s) 4.22.22 p.m._1.png,3,3,True,8.026499e-05,0.004251182,0.029214213,0.9654156,0.0010387567
F3/Captura de pantalla 2025-10-08 a la(s) 3.44.08 p.m._1.png,3,3,True,0.0009627267,0.00023496553,0.00077190605,0.9976707,0.000359626
F3/Captura de pantalla 2025-10-08 a la(s) 4.07.12 p.m._1.png,3,3,True,0.00027337094,0.00051627203,0.0006622878,0.99724245,0.0013056701
F3/Captura de pantalla 2025-10-08 a la(s) 3.55.06 p.m._1.png,3,3,True,0.0130329905,0.0032335052,0.14925794,0.827479,0.0069965175
F3/Captura de pantalla 2025-10-08 a la(s) 4.02.30 p.m..png,3,3,True,0.00032488347,0.0010296535,0.006843251,0.99165744,0.00014463825
F3/Captura de pantalla 2025-10-08 a la(s) 4.02.23 p.m..png,3,3,True,7.4434545e-05,0.0003151945,0.0066711823,0.99287874,6.0437174e-05
F3/Captura de pantalla 2025-10-08 a la(s) 3.43.59 p.m._1.png,3,3,True,8.9121386e-05,2.8932209e-05,0.0006207212,0.999198,6.328724e-05
F3/Captura de pantalla 2025-10-08 a la(s) 3.50.17 p.m._1.png,3,3,True,0.0007064256,0.000201319,0.04473024,0.9523768,0.00198518
F3/Captura de pantalla 2025-10-08 a la(s) 4.02.36 p.m..png,3,3,True,7.5526106e-05,0.0003782054,0.011218261,0.98814183,0.00018610268
F3/Captura de pantalla 2025-10-08 a la(s) 4.22.54 p.m._1.png,3,3,True,1.3341864e-05,0.0023916883,0.0059419624,0.9908098,0.00084326114
F3/Captura de pantalla 2025-10-08 a la(s) 3.56.56 p.m..png,3,3,True,0.00059539295,0.0007134277,0.012228916,0.9848755,0.0015867291
F3/Captura de pantalla 2025-10-08 a la(s) 3.56.45 p.m..png,3,3,True,0.00039865536,0.00046692084,0.0050321138,0.9917646,0.0023377403
F3/Captura de pantalla 2025-10-08 a la(s) 4.15.46 p.m._1.png,3,3,True,3.4167656e-06,1.3890763e-05,1.8681338e-05,0.9999281,3.5907746e-05
F3/Captura de pantalla 2025-10-08 a la(s) 3.43.38 p.m._1.png,3,3,True,0.00021103078,2.9118068e-05,0.0014511896,0.9982041,0.00010443643
F3/Captura de pantalla 2025-10-08 a la(s) 4.22.32 p.m._1.png,3,3,True,2.0169604e-05,0.0014906796,0.0102334265,0.9862526,0.002003146
F4/IM-0001-0001_4.jpg,4,4,True,0.071319886,0.12960313,0.00841493,0.05500916,0.7356528
F4/IM-0001-0035_1.jpg,4,4,True,1.5719077e-05,0.035006497,0.0012790579,0.0004467168,0.963252
F4/IM-0001-0034_1.jpg,4,4,True,0.00028737646,0.017440291,0.0018990812,0.0018580423,0.97851515
F4/IM-0001-0030_2.jpg,4,4,True,0.016273452,0.2073341,0.16757314,0.005413413,0.6034059
F4/IM-0001-0022_1.jpg,4,4,True,0.00083906157,0.07306828,0.008809112,0.0012269745,0.9160565
F4/IM-0001-0030_4.jpg,4,4,True,0.009524402,0.0553341,0.0016819033,0.0023214605,0.93113816
F4/IM-0001-0025_3.jpg,4,4,True,0.004159725,0.016439311,0.0005067884,0.00011994021,0.97877425
F4/IM-0001-0025_4.jpg,4,4,True,0.005104394,0.0039149853,0.0001662989,2.0144487e-05,0.9907941
F4/IM-0001-0024_1.jpg,4,4,True,0.0023434039,0.0142675005,0.001971149,0.00090229756,0.9805157
F4/IM-0001-0046_3.jpg,4,4,True,0.0016991666,0.027392553,0.027212698,0.012347456,0.93134815
F4/IM-0001-0018_2.jpg,4,4,True,0.03090691,0.15287742,0.00813378,0.007927023,0.8001548
F4/IM-0001-0045_2.jpg,4,4,True,0.0002911314,0.013144264,0.015306168,0.006340334,0.9649181
F4/IM-0001-0037_1.jpg,4,4,True,7.362344e-05,0.0012257862,0.00039781182,2.4461107e-05,0.9982784
F4/IM-0001-0032_1.jpg,4,4,True,0.0001659771,0.012177925,0.0039780973,8.695777e-05,0.983591
F4/IM-0001-0031_4.jpg,4,4,True,0.048408534,0.13881534,0.060705777,0.20500118,0.5470692
F4/IM-0001-0019_4.jpg,4,4,True,0.10612315,0.020460894,0.0038001759,0.009407454,0.86020833
F4/IM-0001-0031_2.jpg,4,4,True,6.034317e-05,0.12645978,0.13047895,0.00077075494,0.7422302
F4/IM-0001-0033_1.jpg,4,4,True,0.0010500147,0.2206866,0.008036567,0.0013624541,0.7688644
F4/IM-0001-0026_1.jpg,4,4,True,7.756726e-05,0.0046497216,0.0027806626,5.3640957e-05,0.9924384
F4/IM-0001-0019_3.jpg,4,4,True,0.004026916,0.14396639,0.050072975,0.03952017,0.76241356
F4/IM-0001-0002_5.jpg,4,4,True,0.24026655,0.014929246,0.065229006,0.14313388,0.53644127
F4/IM-0001-0036_1.jpg,4,4,True,9.504516e-06,0.083510265,0.013244413,0.00019685659,0.903039
F4/IM-0001-0027_1.jpg,4,4,True,0.0028983972,0.0007965338,0.0005449712,0.037971776,0.95778835
F4/IM-0001-0041_2.jpg,4,1,False,0.12746556,0.7034668,0.00038872563,0.014588919,0.15409006
F4/IM-0001-0019_6.jpg,4,4,True,0.0005395026,0.0640106,0.0035112395,0.007103686,0.9248349
F4/IM-0001-0031_5.jpg,4,4,True,3.5123743e-05,0.0014422311,0.001077608,9.794847e-05,0.9973471
F4/IM-0001-0042_2.jpg,4,4,True,0.0006825257,0.03941257,0.0006530652,0.00028387303,0.958968
F4/IM-0001-0023_1.jpg,4,4,True,0.0005353156,0.011429561,6.1032348e-05,0.00045097704,0.98752314
F4/IM-0001-0040_3.jpg,4,4,True,1.60357e-05,0.0013334885,0.00015264432,3.3306642e-06,0.9984945
F4/IM-0001-0046_4.jpg,4,4,True,0.0022557965,0.024937699,1.0778024e-05,1.3614569e-05,0.97278214
F4/IM-0001-0027_3.jpg,4,4,True,5.209634e-05,0.005361641,0.0062924833,2.6638141e-05,0.9882671
F4/IM-0001-0044_3.jpg,4,4,True,2.9305285e-05,0.012535838,0.00020778707,1.2015402e-05,0.98721504
F4/IM-0001-0030_7.jpg,4,4,True,0.0007375022,0.04017627,0.13021305,0.0011047936,0.8277684
F4/IM-0001-0033_2.jpg,4,4,True,0.0018540334,0.003012049,0.11359106,0.0006820881,0.88086075
F4/IM-0001-0036_2.jpg,4,4,True,0.0011527397,0.015777722,0.0020785916,0.00054981053,0.9804411
F4/IM-0001-0024_2.jpg,4,4,True,0.0045409384,0.21284504,0.0025011713,2.9245182e-05,0.7800836
F4/IM-0001-0026_3.jpg,4,4,True,0.0006110411,0.0042159986,0.0048333295,0.00018673147,0.9901529
F4/IM-0001-0047_2.jpg,4,4,True,0.00035268982,0.05398383,0.03790092,0.0067625158,0.9010001
F4/IM-0001-0051_2.jpg,4,4,True,4.220197e-06,0.0041060844,0.0002057476,7.606101e-07,0.9956832
F4/IM-0001-0030_5.jpg,4,4,True,2.0897523e-05,0.0020479625,0.00018465046,1.6574462e-05,0.99772996
F4/IM-0001-0020_2.jpg,4,4,True,4.974057e-06,0.00038575125,9.1686616e-07,1.4171351e-05,0.99959415
F4/IM-0001-0050_3.jpg,4,4,True,2.6887898e-05,0.0056609325,4.9163305e-06,3.7668455e-05,0.9942696
F4/IM-0001-0043_3.jpg,4,4,True,1.5893062e-05,0.001142456,9.015757e-06,3.6957742e-06,0.99882895
F4/IM-0001-0037_2.jpg,4,4,True,2.7091965e-05,0.0018180031,2.3790666e-05,2.31125e-06,0.99812883
F4/IM-0001-0032_4.jpg,4,4,True,0.00023872587,0.011656521,0.06475765,0.00026150135,0.92308563
F4/IM-0001-0031_6.jpg,4,4,True,0.00011714768,0.013200467,0.0024991422,0.00046656895,0.9837167
F4/IM-0001-0027_4.jpg,4,4,True,4.5841007e-05,0.028202089,0.028145436,0.00018926113,0.9434174
F4/IM-0001-0018_3.jpg,4,4,True,0.00409792,0.009408261,0.00022887869,0.00037043763,0.98589456
F4/IM-0001-0032_3.jpg,4,4,True,0.00010364222,0.0022030105,0.0019549867,6.9537775e-05,0.99566877
F4/IM-0001-0045_3.jpg,4,4,True,0.0001130078,0.037951328,0.00047846753,1.3228398e-05,0.96144396
F4/IM-0001-0050_2.jpg,4,4,True,0.0006449547,0.35698178,0.04939698,0.0054483614,0.5875279
F4/IM-0001-0024_3.jpg,4,4,True,0.0005953186,0.30438775,0.039035995,0.0014681629,0.65451276
F4/IM-0001-0001.jpg,4,4,True,0.0016638741,0.06632487,0.00017063151,0.008616643,0.923224
F4/IM-0001-0007_2.jpg,4,4,True,0.06853003,0.07246556,0.0035702784,0.02094683,0.8344873
F4/IM-0001-0003_5.jpg,4,4,True,0.03597536,0.033713546,0.013032207,0.011636257,0.9056426
F4/IM-0001-0029_2.jpg,4,0,False,0.43596137,0.08138386,0.0019728027,0.077893265,0.4027887
F4/IM-0001-0004.jpg,4,4,True,0.026655598,0.066566855,0.0006725072,0.089163244,0.81694174
F4/IM-0001-0004 (2)_1.jpg,4,4,True,0.00026307127,0.015685096,0.0013725511,0.0077584716,0.97492087
F4/IM-0001-0004_2.jpg,4,4,True,0.034459468,0.025083285,7.0095166e-06,6.149447e-05,0.94038874
F4/IM-0001-0014_1.jpg,4,4,True,0.0026709628,0.0037518388,0.011198279,0.0029519505,0.979427
F4/IM-0001-0047_3.jpg,4,4,True,3.8076836e-05,0.0033321963,5.979574e-05,7.828712e-06,0.99656206
F4/IM-0001-0011_2.jpg,4,4,True,0.008169927,0.09301227,0.008219639,0.0047207046,0.88587743
F4/IM-0001-0002_2.jpg,4,4,True,0.06457982,0.04012141,8.798095e-05,0.00031209958,0.8948987
F4/IM-0001-0009_2.jpg,4,4,True,0.025863409,0.1574732,0.012775599,0.088276945,0.71561086
F4/IM-0001-0033_3.jpg,4,4,True,0.0058967667,0.0548467,0.053294294,0.00011841346,0.8858438
F4/IM-0001-0008_3.jpg,4,4,True,0.029345287,0.059125286,0.0007551886,0.01624528,0.8945289
F4/IM-0001-0026_4.jpg,4,4,True,0.000103423896,0.0021261002,1.7379187e-05,1.89664e-05,0.99773407
F4/IM-0001-0005_1.jpg,4,4,True,0.3048714,0.10209806,0.00795543,0.02476165,0.5603134
F4/IM-0001-0001_5.jpg,4,4,True,0.08235253,0.380256,0.009248719,0.0035721806,0.5245706
F4/IM-0001-0004_4.jpg,4,4,True,0.005225618,0.083903715,0.0031323521,0.0070920633,0.9006462
F4/IM-0001-0010_1.jpg,4,4,True,0.03875574,0.08561829,0.0016954239,0.00444634,0.8694842
F4/IM-0001-0003 (2)_2.jpg,4,3,False,0.0005534774,0.001736591,0.12681668,0.868863,0.0020303046
F4/IM-0001-0002.jpg,4,4,True,0.0006458513,0.009599668,4.4342232e-05,0.008679648,0.98103046
F4/IM-0001-0017_2.jpg,4,4,True,0.0040532937,0.10389876,0.048851997,0.014113103,0.82908285
F4/IM-0001-0002_6.jpg,4,1,False,0.062137555,0.66840774,0.20974936,0.00010875878,0.059596535
F4/IM-0001-0002_4.jpg,4,4,True,0.032346558,0.12713507,0.00022145378,0.00017219673,0.8401248
F4/IM-0001-0001_3.jpg,4,4,True,0.11734803,0.11762084,0.00042973788,0.001576466,0.763025
F4/IM-0001-0015 (2)_1.jpg,4,4,True,0.0011876343,0.10946167,0.042538732,0.0057770466,0.8410349
F4/IM-0001-0042_3.jpg,4,4,True,7.631503e-05,0.0037186574,1.60371e-05,1.571519e-05,0.9961733
F4/IM-0001-0004 (1).jpg,4,4,True,0.009371133,0.12957996,0.0030640175,0.0139314635,0.8440534
F4/IM-0001-0006_2.jpg,4,4,True,0.027946971,0.09935177,0.0038311034,0.018262036,0.8506081
F4/IM-0001-0041_3.jpg,4,4,True,2.0826614e-05,0.008012856,7.329007e-06,3.8423084e-07,0.9919586
F4/IM-0001-0003.jpg,4,4,True,0.0017148246,0.054513115,7.852772e-05,0.0026512248,0.9410423
F4/IM-0001-0003_4.jpg,4,4,True,0.085450456,0.23668082,7.6510005e-05,1.3038338e-05,0.67777914
F4/IM-0001-0003_6.jpg,4,1,False,0.018526202,0.9679694,0.0017815273,0.00034184972,0.011380884
F4/IM-0001-0005_3.jpg,4,4,True,0.08674713,0.1489767,0.006537252,0.011579094,0.74615985
F4/IM-0001-0008_2.jpg,4,4,True,0.010555705,0.25222823,0.019418266,0.017182397,0.70061535
F4/IM-0001-0003_2.jpg,4,4,True,0.049014106,0.033778537,0.0005841918,0.0028813563,0.91374177
F4/IM-0001-0004_5.jpg,4,4,True,0.010180338,0.0049803304,0.0012151835,0.14557037,0.83805376
F4/IM-0001-0018 (2)_1.jpg,4,4,True,0.0007343639,0.009823066,0.013850327,0.0002651583,0.97532713
F4/IM-0001-0022_2.jpg,4,3,False,0.050714247,0.18953718,9.0056434e-05,0.7433594,0.01629915
F4/IM-0001-0005 (2)_2.jpg,4,4,True,0.0014666667,0.038804334,0.0016772748,0.0033962908,0.95465547
F4/IM-0001-0020_3.jpg,4,4,True,4.5982455e-05,0.000831259,0.1304193,8.089583e-05,0.8686226
F4/IM-0001-0007_3.jpg,4,4,True,0.014256285,0.475794,0.01635891,0.004577366,0.48901337
F4/IM-0001-0001 (2)_2.jpg,4,2,False,0.17501189,0.14363767,0.25913122,0.22271469,0.19950458
F4/IM-0001-0005_4.jpg,4,4,True,0.00037739548,0.0005022123,0.0011718296,0.103491515,0.89445704
F4/IM-0001-0012 (2).jpg,4,4,True,1.5800231e-05,0.007305727,0.0047709066,4.347839e-05,0.9878641
F4/IM-0001-0016 (2)_1.jpg,4,4,True,0.004684684,0.24890305,0.011490877,0.0007946039,0.73412675
F4/IM-0001-0015_2.jpg,4,4,True,0.00285204,0.0031764961,0.22157735,0.00035269937,0.7720414
F4/IM-0001-0003 (3)_1.jpg,4,4,True,0.020668684,0.016367335,0.023112232,0.006047085,0.93380463
F4/IM-0001-0013_2.jpg,4,4,True,0.0035087892,0.18444389,0.0024979769,0.00064189365,0.80890745
F4/IM-0001-0019_5.jpg,4,4,True,6.605014e-05,0.001561588,0.0007001255,0.0057751904,0.99189705
F4/IM-0001-0002 (2)_2.jpg,4,3,False,0.0007293715,0.0043325066,0.1449452,0.7763613,0.07363166
F4/IM-0001-0021_2.jpg,4,4,True,0.0010773882,0.0490893,0.0036455516,0.060318198,0.88586956
F4/IM-0001-0012_2.jpg,4,4,True,0.00010898966,0.00035545212,0.0010433957,0.0012240484,0.9972682
F4/IM-0001-0011_3.jpg,4,4,True,0.0015324206,0.011499086,0.02692967,0.017484596,0.9425542
F4/IM-0001-0003 (3).jpg,4,4,True,0.03510542,0.10994174,1.2925852e-05,0.00022836559,0.85471153
F4/IM-0001-0030_6.jpg,4,4,True,6.4648986e-05,0.028842285,0.0017468589,0.00056254613,0.9687837
F4/IM-0001-0010 (2)_1.jpg,4,4,True,0.00052784465,0.037204113,0.010591528,0.0054343813,0.94624215
F4/IM-0001-0014 (2).jpg,4,4,True,0.003928982,0.03549074,0.12983058,0.0057977224,0.82495195
F4/IM-0001-0018_4.jpg,4,4,True,0.00014697954,0.0018394237,0.0008741649,0.02471375,0.9724257
F4/IM-0001-0011 (2)_1.jpg,4,3,False,0.11767407,0.037468087,1.7843744e-05,0.83944666,0.005393341
F4/IM-0001-0009_3.jpg,4,4,True,0.0009077629,0.0006002562,0.0020912155,0.00033190925,0.99606884
F4/IM-0001-0020 (2)_1.jpg,4,4,True,0.0062513645,0.24779232,0.003765793,0.006194499,0.735996
F4/IM-0001-0002 (3)_1.jpg,4,4,True,0.016800482,0.095877305,0.0094534345,0.013149808,0.86471903
F4/IM-0001-0006_3.jpg,4,4,True,0.00014077048,0.0006764875,6.3528576e-05,0.00017930298,0.99893993
F4/IM-0001-0010_2.jpg,4,4,True,0.0006221359,0.0011390264,0.0008024796,0.004897805,0.9925385
F4/IM-0001-0016_2.jpg,4,4,True,0.0086635575,0.013508836,0.20410538,0.0028332022,0.77088904
F4/IM-0001-0028_2.jpg,4,0,False,0.5646675,0.057556465,0.039021757,0.015773328,0.3229809
F4/IM-0001-0026_2.jpg,4,4,True,0.4363592,0.0296785,0.00014986459,0.0018059623,0.5320065
F4/IM-0001-0015 (2).jpg,4,4,True,0.00011631579,0.0001949984,0.001750743,0.00023989583,0.997698
F4/IM-0001-0005_2.jpg,4,4,True,0.0047884323,0.006552112,1.872917e-05,0.0002466254,0.988394
F4/IM-0001-0012_1.jpg,4,4,True,0.00015023681,0.0019975405,0.029411063,0.00030055805,0.9681406
F4/IM-0001-0024.jpg,4,4,True,0.048216056,0.0052109216,0.0014010594,0.0111905215,0.93398136
F4/IM-0001-0038_1.jpg,4,4,True,5.1590167e-05,0.002740913,0.002766497,0.0005917942,0.9938492
F4/IM-0001-0029_1.jpg,4,4,True,5.6381054e-05,8.209539e-05,2.1331007e-05,0.00017175723,0.9996685
F4/IM-0001-0001 (3).jpg,4,4,True,0.0274574,0.4447167,0.00024449732,0.003039973,0.52454144
F4/IM-0001-0056_1.jpg,4,4,True,0.00084609736,0.056333244,0.06927019,0.021058196,0.85249233
F4/IM-0001-0006_1.jpg,4,4,True,0.033755396,0.015211521,3.643455e-06,0.00014473824,0.9508847
F4/IM-0001-0030_3.jpg,4,4,True,0.00031353798,0.0068463827,0.0025451896,0.00034467474,0.9899502
F4/IM-0001-0054_1.jpg,4,4,True,0.00016414576,0.017834859,0.015772501,0.0018633307,0.96436524
F4/IM-0001-0002 (3).jpg,4,0,False,0.71225005,0.2791302,0.00033112042,0.00013515614,0.008153559
F4/IM-0001-0003_3.jpg,4,4,True,0.025619404,0.058814853,2.2923154e-05,0.0011716535,0.9143712
F4/IM-0001-0014.jpg,4,4,True,0.00027760022,0.0006293558,0.005051319,0.0005070093,0.9935347
F4/IM-0001-0020 (2).jpg,4,4,True,8.754882e-06,0.00052921724,6.31502e-05,2.8354e-05,0.9993705
F4/IM-0001-0053_1.jpg,4,4,True,0.007552839,0.049556233,0.091454245,0.015914075,0.83552253
F4/IM-0001-0003 (2)_1.jpg,4,4,True,9.805465e-06,0.00040051667,5.6025547e-06,5.5867218e-05,0.99952817
F4/IM-0001-0025_2.jpg,4,0,False,0.55517805,0.20225656,0.08075804,0.00040516618,0.16140215
F4/IM-0001-0044_2.jpg,4,4,True,0.00012149956,0.00010829101,0.00025657538,2.1512848e-05,0.99949205
F4/IM-0001-0047_1.jpg,4,4,True,0.0007043486,0.03763103,0.0001755101,3.0730083e-05,0.9614584
F4/IM-0001-0035_2.jpg,4,4,True,0.0020804098,0.0723732,0.0047021075,0.06301926,0.8578251
F4/IM-0001-0011_1.jpg,4,1,False,0.21364738,0.44893628,0.002186231,0.010780583,0.3244495
F4/IM-0003-0008.jpg,4,4,True,0.049753245,0.11247422,0.0067774886,0.005015589,0.8259795
F4/IM-0001-0021_1.jpg,4,4,True,0.0034680197,0.0017253521,3.3081405e-06,6.603888e-05,0.9947373
F4/IM-0001-0001 (2)_1.jpg,4,4,True,0.000115325165,0.003275952,5.000378e-05,1.8528573e-05,0.9965402
F4/IM-0001-0002_3.jpg,4,4,True,0.025539499,0.11770849,4.6576974e-05,0.017251719,0.8394537
F4/IM-0001-0026 (2)_1.jpg,4,4,True,0.09153864,0.014679597,0.0011673402,0.002032759,0.89058167
F4/IM-0001-0001_2.jpg,4,4,True,0.15128644,0.10158166,0.00020363773,0.001907826,0.7450205
F4/IM-0001-0051_1.jpg,4,4,True,0.00855591,0.008337699,0.00036062457,0.00014429579,0.98260146
F4/IM-0001-0023.jpg,4,4,True,1.7501345e-05,0.00020955509,7.3216233e-06,6.509332e-05,0.99970055
F4/IM-0001-0040_2.jpg,4,2,False,0.030277567,0.006423531,0.9289463,0.01930275,0.01504992
F4/IM-0001-0034_2.jpg,4,4,True,5.095081e-05,0.0005356767,3.2921987e-05,6.3668966e-05,0.9993168
F4/IM-0001-0013_1.jpg,4,4,True,0.00015634562,0.0009037785,0.0026139254,0.00038441605,0.99594146
F4/IM-0001-0004_3.jpg,4,4,True,0.01125506,0.03284107,7.842105e-06,0.0033812197,0.95251477
F4/IM-0001-0008 (2)_1.jpg,4,4,True,0.00026680785,0.0027806764,0.010790288,0.00012655684,0.9860357
F4/IM-0001-0017_1.jpg,4,4,True,0.02086531,0.040089622,4.4882636e-06,0.00043592695,0.93860465
F4/IM-0001-0046_2.jpg,4,4,True,9.973339e-05,0.004264208,0.0050182114,0.0008960111,0.98972183
F4/IM-0001-0016 (2).jpg,4,4,True,2.0921965e-05,3.510054e-05,2.3345515e-06,7.838887e-06,0.99993384
F4/IM-0001-0011 (2).jpg,4,4,True,0.0001391967,0.001102502,0.0045710905,0.00063802564,0.99354917
F4/IM-0001-0028_1.jpg,4,4,True,0.016727252,0.0126850065,8.738754e-05,0.0014364602,0.96906394
F4/IM-0001-0016_1.jpg,4,0,False,0.62736386,0.030567436,0.00012062714,0.0076242955,0.3343238
F4/IM-0001-0031 (2)_1.jpg,4,4,True,7.816151e-05,0.0064421906,0.008766147,0.0019538861,0.9827596
F4/IM-0001-0005 (2)_1.jpg,4,4,True,0.00016139845,0.0020056865,1.075429e-05,3.5308567e-05,0.9977869
F4/IM-0001-0021 (2).jpg,4,4,True,0.00010967292,0.008487546,0.007100827,0.00013827221,0.9841637
F4/IM-0001-0019_2.jpg,4,4,True,0.020068968,0.012342767,4.203664e-06,3.1790943e-05,0.9675522
F4/IM-0001-0032_2.jpg,4,4,True,0.048332945,0.10055783,0.0031632737,0.00077598495,0.84716994
F4/IM-0001-0027_2.jpg,4,4,True,0.00045879555,0.0029764662,0.0017251743,0.00029865673,0.99454087
F4/IM-0001-0010 (2).jpg,4,4,True,0.00023432932,0.011461619,0.13217393,0.001474108,0.85465604
F4/IM-0001-0017 (2).jpg,4,4,True,7.770163e-05,0.00013550902,3.6797423e-06,4.5345505e-06,0.99977857
F4/IM-0001-0022.jpg,4,4,True,0.011979357,0.00773007,9.225141e-06,0.00020908544,0.98007226
F4/IM-0001-0031_3.jpg,4,4,True,0.05555152,0.0059786197,3.8310827e-06,5.2849806e-05,0.9384132
F4/IM-0001-0043_2.jpg,4,4,True,0.000119669035,0.00067638676,6.8853114e-05,2.9055764e-05,0.999106
F4/IM-0001-0006 (2)_1.jpg,4,4,True,0.00025686526,0.019041378,0.0001875739,0.00048583237,0.9800284
F4/IM-0001-0007_1.jpg,4,4,True,0.0043355147,0.00730802,4.6497958e-06,0.00023473475,0.9881171
F4/IM-0001-0018_1.jpg,4,4,True,0.022772385,0.0051496937,2.279887e-06,5.262095e-05,0.972023
F4/IM-0001-0009_1.jpg,4,4,True,0.0035292234,0.019089883,6.729409e-06,0.0004497282,0.9769245
F4/IM-0001-0055_1.jpg,4,4,True,0.00048012778,0.008034956,0.011493325,0.000662172,0.97932947
F4/IM-0001-0049.jpg,4,4,True,0.0153545365,0.0061049657,0.1880594,0.08933942,0.7011417
F4/IM-0001-0008_1.jpg,4,4,True,0.001893696,0.0023777562,6.8952186e-06,0.0003311806,0.9953904
F4/IM-0001-0022 (2).jpg,4,4,True,0.00072850945,0.0046873,0.002276742,0.00041853712,0.99188894
F4/IM-0001-0020_1.jpg,4,4,True,0.04951402,0.04929223,1.9508992e-05,0.00042847666,0.90074575
F4/IM-0001-0028 (2)_1.jpg,4,4,True,0.22463065,0.061930645,0.011066848,0.0103119705,0.6920598
F4/IM-0001-0037.jpg,4,4,True,0.0010093402,0.014574507,0.018465629,0.00074370083,0.96520686
F4/IM-0001-0015_1.jpg,4,4,True,0.03120013,0.06142806,0.0004508646,0.025553348,0.88136756
F4/IM-0001-0002 (2)_1.jpg,4,4,True,0.002829215,0.008533693,0.0012075588,0.015949989,0.97147954
F4/IM-0001-0010.jpg,4,4,True,0.0054827044,0.2609122,8.850277e-05,0.0019065384,0.73161
F4/IM-0001-0009 (2)_1.jpg,4,4,True,0.00067419105,0.004330174,0.05683915,0.002252627,0.93590385
F4/IM-0001-0052_1.jpg,4,4,True,0.00015024486,0.0018579552,0.0012290311,0.00031230986,0.9964504
F4/IM-0001-0050_1.jpg,4,4,True,0.0031001996,0.007661036,0.04554229,0.00035191627,0.9433446
F4/IM-0001-0019 (2).jpg,4,4,True,1.6809301e-05,0.0023161136,0.0058230706,3.682535e-05,0.99180716
F4/IM-0001-0018 (2).jpg,4,4,True,0.00013590226,0.06355207,0.09549111,0.0010298621,0.83979106
F4/IM-0001-0007 (2).jpg,4,4,True,5.517904e-05,0.00040653645,0.0036314316,0.00034067017,0.9955662
F4/IM-0001-0038.jpg,4,4,True,0.00031720748,0.002816862,0.0006390527,0.02737119,0.9688557
F4/IM-0001-0002 (2).jpg,4,4,True,0.0002818986,0.0821173,0.0028306753,0.0020381494,0.91273206
F4/IM-0001-0039.jpg,4,4,True,7.716353e-06,0.000176183,5.4429433e-06,3.0561056e-05,0.9997801
F4/IM-0001-0029 (2).jpg,4,4,True,0.00095780054,0.0040981187,0.007616582,0.001905408,0.98542213
F4/IM-0001-0008.jpg,4,4,True,0.00083364546,0.015579636,0.0006829633,6.613213e-05,0.9828377
F4/IM-0001-0009 (2).jpg,4,4,True,0.0003423594,0.15295337,0.00021795252,0.009971163,0.8365151
F4/IM-0001-0026.jpg,4,4,True,9.537237e-05,1.7332974e-05,9.673601e-06,0.00013099029,0.9997466
F4/IM-0001-0045_1.jpg,4,4,True,2.1381573e-05,0.0035909566,1.7454519e-06,1.3078965e-06,0.9963846
F4/IM-0001-0005.jpg,4,4,True,0.00210757,0.03585124,2.1277054e-05,0.00012580195,0.9618941
F4/IM-0001-0032.jpg,4,4,True,2.0404435e-05,0.0009121101,7.749571e-06,2.5575622e-05,0.99903417
F4/IM-0001-0009.jpg,4,4,True,2.5871961e-06,0.00017339161,7.408879e-07,1.4890445e-05,0.9998084
F4/IM-0001-0004 (2).jpg,4,4,True,0.00020050963,0.024770424,3.851151e-05,0.0008513053,0.9741392
F4/IM-0001-0020.jpg,4,4,True,0.013101184,0.06529258,0.0017322679,0.010694017,0.90918
F4/IM-0001-0004_1.jpg,4,4,True,0.0023232307,0.0040645227,3.9481733e-05,0.00018944999,0.99338335
F4/IM-0001-0032 (2).jpg,4,4,True,0.00015410384,0.011883815,0.0039115325,7.262929e-05,0.983978
F4/IM-0001-0018.jpg,4,4,True,0.0004516128,1.5860633e-05,0.02114979,0.2166751,0.76170766
F4/IM-0001-0017.jpg,4,4,True,8.011489e-09,1.4460765e-05,1.0028005e-05,1.695899e-07,0.9999753
F4/IM-0001-0033 (2).jpg,4,4,True,0.0013166241,0.20790827,0.0062192385,0.0027163625,0.78183955
F4/IM-0001-0008 (2).jpg,4,4,True,0.00037676637,0.115197815,0.002463963,0.0048393016,0.8771221
F4/IM-0001-0044_1.jpg,4,4,True,4.2503038e-05,0.00074842415,6.1858805e-06,1.7854361e-05,0.999185
F4/IM-0001-0003_1.jpg,4,4,True,4.5507582e-05,0.022981174,3.6239308e-05,3.7835941e-06,0.9769333
F4/IM-0001-0036.jpg,4,4,True,1.37706675e-05,0.13969545,0.008748112,0.00021544399,0.8513272
F4/IM-0001-0035.jpg,4,4,True,1.3525534e-05,0.039390318,0.0007595456,0.0003331709,0.9595035
F4/IM-0001-0001_1.jpg,4,4,True,0.15715782,0.054679453,0.0002893096,0.00021891209,0.7876545
F4/IM-0001-0021.jpg,4,4,True,2.4366293e-05,0.0006240493,1.0687808e-06,4.5645604e-05,0.9993049
F4/IM-0001-0046_1.jpg,4,4,True,4.5806287e-06,0.0022829806,6.752334e-06,8.850924e-06,0.9976968
F4/IM-0001-0034.jpg,4,4,True,1.5133212e-06,0.0017464546,1.4110246e-05,2.416873e-05,0.99821377
F4/IM-0001-0025_1.jpg,4,4,True,4.8585034e-06,3.917725e-06,1.1793769e-05,3.0154392e-06,0.9999764
F4/IM-0001-0006.jpg,4,4,True,0.001445558,0.0063041123,8.612042e-05,3.0515046e-06,0.9921612
F4/IM-0001-0006 (2).jpg,4,4,True,0.00043255693,0.14702158,0.0004686642,0.007561055,0.8445161
F4/IM-0001-0041_1.jpg,4,4,True,8.833912e-05,0.00043958315,0.0004051223,0.00028674494,0.9987802
F4/IM-0001-0028.jpg,4,4,True,1.4916191e-05,9.065683e-05,1.1076688e-05,7.6407865e-05,0.99980694
F4/IM-0001-0027.jpg,4,4,True,0.00018446354,0.025094708,0.00035155276,0.0023145962,0.97205466
F4/IM-0001-0005 (2).jpg,4,4,True,8.8295244e-05,0.10594994,0.0001576647,0.00020827627,0.89359576
F4/IM-0001-0034 (2).jpg,4,4,True,0.00035057077,0.027408158,0.0024180494,0.0024194669,0.9674038
F4/IM-0001-0030_1.jpg,4,4,True,6.179414e-05,0.0010638929,0.00018241844,0.0017829259,0.99690896
F4/IM-0001-0040_1.jpg,4,4,True,1.0854013e-05,0.0009188054,0.0069623864,0.0007504924,0.99135745
F4/IM-0001-0031_1.jpg,4,4,True,1.23460795e-05,0.0002949276,2.401841e-06,1.4598846e-06,0.99968886
F4/IM-0001-0028 (2).jpg,4,4,True,0.019463632,0.031994868,0.42216778,0.008770901,0.51760286
F4/IM-0001-0015.jpg,4,4,True,3.1504605e-05,0.00038367198,7.740566e-06,0.00021438234,0.99936277
F4/IM-0001-0019.jpg,4,4,True,0.02724246,0.047701165,4.056362e-05,0.0007185015,0.9242973
F4/IM-0001-0016.jpg,4,4,True,0.0005337149,0.009763596,0.000517885,0.00475455,0.98443025
F4/IM-0001-0002_1.jpg,4,4,True,0.0031641116,0.13955711,0.0003031578,1.8242192e-05,0.8569573
F4/IM-0001-0045.jpg,4,4,True,0.00013041783,0.07142989,0.026453337,0.00017918844,0.9018071
F4/IM-0001-0042_1.jpg,4,4,True,0.00020557406,0.0029935006,0.0019697233,0.0009048537,0.99392635
F4/IM-0001-0043_1.jpg,4,4,True,8.011678e-06,0.0076968204,9.583188e-05,1.8194114e-05,0.9921812
F4/IM-0001-0031 (2).jpg,4,4,True,7.405715e-05,0.13938853,0.09175903,0.0009724237,0.76780593
F4/IM-0001-0001 (2).jpg,4,4,True,0.004301288,0.07171091,0.0024633235,0.05331292,0.86821157
F4/IM-0001-0003 (2).jpg,4,4,True,0.00011040834,0.007868515,0.0010052924,0.00016010115,0.9908557
F4/IM-0001-0047.jpg,4,4,True,0.011333665,0.064238586,0.029790457,0.0027838724,0.8918534
F4/IM-0001-0055.jpg,4,4,True,0.00016024883,0.0030757433,0.00032961235,0.00010495202,0.9963295
F4/IM-0001-0007.jpg,4,4,True,0.0041230437,0.0114717195,0.0010864359,0.0076915123,0.97562724
F4/IM-0001-0051.jpg,4,4,True,1.7824443e-05,0.01637757,0.00056833494,0.0006645157,0.98237175
F4/IM-0001-0030 (2).jpg,4,4,True,0.014084381,0.22941478,0.20020315,0.0060503916,0.5502473
F4/IM-0001-0026 (2).jpg,4,4,True,6.6338085e-05,0.003636182,0.0053753997,6.742415e-05,0.9908546
F4/IM-0001-0029.jpg,4,4,True,7.3330757e-06,9.4264986e-05,1.0038356e-05,4.767855e-05,0.9998406
F4/IM-0001-0040.jpg,4,4,True,0.03366906,0.20661502,0.01008433,0.0021791991,0.74745244
F4/IM-0001-0019_1.jpg,4,4,True,0.0019232424,0.0012384272,1.686889e-05,0.0016027731,0.9952187
F4/IM-0001-0043.jpg,4,4,True,0.019942762,0.09768273,0.0002618143,0.00010531227,0.88200736
F4/IM-0001-0033.jpg,4,4,True,1.9346223e-06,0.000260717,1.5408445e-05,3.4581e-05,0.99968743
F4/IM-0001-0012.jpg,4,4,True,0.0040901275,0.04464741,0.00030349032,0.0014076504,0.94955134
F4/IM-0001-0013.jpg,4,4,True,0.00046220224,0.0028430289,8.8012e-06,0.00012783495,0.9965581
F4/IM-0001-0027 (2).jpg,4,4,True,0.004945589,0.00081510877,0.00069736905,0.04189597,0.951646
F4/IM-0001-0042.jpg,4,4,True,0.001000087,0.012784662,0.0024461907,7.562145e-05,0.9836934
F4/IM-0001-0011.jpg,4,4,True,0.000291001,0.00015655298,0.000878604,5.2539195e-05,0.99862134
F4/IM-0001-0057.jpg,4,4,True,0.00019699482,0.1192719,0.0006815667,0.002495622,0.8773539
F4/IM-0001-0053.jpg,4,4,True,0.0007612835,0.0075075817,0.0003363718,0.0018661331,0.9895286
F4/IM-0001-0044.jpg,4,4,True,0.0022769829,0.027560718,0.00067712157,0.0005272787,0.96895796
F4/IM-0001-0054.jpg,4,4,True,0.0034730867,0.02602218,0.00052403373,0.00418679,0.96579397
F4/IM-0001-0041.jpg,4,4,True,0.002231345,0.30292317,0.0040114718,8.7375185e-05,0.6907466
F4/IM-0001-0030.jpg,4,4,True,6.726306e-05,0.006877813,0.00020384302,2.831083e-05,0.99282277
F4/IM-0001-0056.jpg,4,4,True,0.019658469,0.015036216,0.0017569915,0.023193078,0.94035524
F4/IM-0001-0031.jpg,4,4,True,0.003817352,0.102661155,0.026386585,0.00046290195,0.86667204
F4/IM-0001-0052.jpg,4,4,True,0.0040490413,0.047613703,0.00037125061,3.414149e-05,0.9479318
F4/IM-0001-0025.jpg,4,4,True,6.708655e-05,0.037225265,6.148029e-05,5.030956e-05,0.9625959
F4/IM-0001-0046.jpg,4,4,True,7.706975e-05,0.058285445,0.0001522632,5.4463384e-05,0.9414308
F4/IM-0001-0050.jpg,4,4,True,0.014956584,0.08415394,0.0003720553,0.00015029025,0.90036714
F4/IM-0001-0068.jpg,4,4,True,0.0011242621,0.026304128,0.038290642,0.00045179875,0.9338292
